{"Version":"0.0.0","Data":{"FreeFormStructureLinkerManager":"{\"_nodeLinkersData\":[null,null,null,null,{\"_typeId\":3,\"_instanceId\":211},null,null],\"_builtLinkersData\":[null,null,null,null,{\"_typeId\":9,\"_instanceId\":1},null,null,null,null,null,null,null,null,null,null,null,null,null,null,null,null,null,null,null,null,null,{\"_typeId\":4,\"_instanceId\":5},{\"_typeId\":4,\"_instanceId\":3},{\"_typeId\":8,\"_instanceId\":7},{\"_typeId\":4,\"_instanceId\":1},null,{\"_typeId\":9,\"_instanceId\":9},null,{\"_typeId\":9,\"_instanceId\":6},null,{\"_typeId\":9,\"_instanceId\":11},null,null,null,null,null,null,{\"_typeId\":3,\"_instanceId\":83},null,null,null,null,{\"_typeId\":3,\"_instanceId\":86},null,null,null,{\"_typeId\":8,\"_instanceId\":19},null,{\"_typeId\":9,\"_instanceId\":28},null,{\"_typeId\":9,\"_instanceId\":27},null,{\"_typeId\":9,\"_instanceId\":29},null,{\"_typeId\":9,\"_instanceId\":29},null,null,null,{\"_typeId\":4,\"_instanceId\":1},null,null,null,{\"_typeId\":9,\"_instanceId\":29},null,null,{\"_typeId\":2,\"_instanceId\":87},{\"_typeId\":2,\"_instanceId\":69},{\"_typeId\":2,\"_instanceId\":66},null,{\"_typeId\":8,\"_instanceId\":28},{\"_typeId\":4,\"_instanceId\":25},{\"_typeId\":4,\"_instanceId\":25},null,null,{\"_typeId\":4,\"_instanceId\":17},{\"_typeId\":4,\"_instanceId\":17},{\"_typeId\":4,\"_instanceId\":17},{\"_typeId\":3,\"_instanceId\":133},{\"_typeId\":4,\"_instanceId\":22},null,null,null,null,null,null,null,null,null,null,null,null,null,null,null,null,null,null,null,null,{\"_typeId\":8,\"_instanceId\":25},{\"_typeId\":8,\"_instanceId\":30},{\"_typeId\":2,\"_instanceId\":159},null,null,null,{\"_typeId\":2,\"_instanceId\":179},null,{\"_typeId\":3,\"_instanceId\":151},{\"_typeId\":2,\"_instanceId\":102},null,null,null,null,null,{\"_typeId\":2,\"_instanceId\":160},{\"_typeId\":3,\"_instanceId\":189},{\"_typeId\":2,\"_instanceId\":169},{\"_typeId\":3,\"_instanceId\":135},{\"_typeId\":2,\"_instanceId\":182},{\"_typeId\":2,\"_instanceId\":178},{\"_typeId\":2,\"_instanceId\":203},{\"_typeId\":2,\"_instanceId\":211},{\"_typeId\":2,\"_instanceId\":81},{\"_typeId\":2,\"_instanceId\":174},{\"_typeId\":2,\"_instanceId\":160},{\"_typeId\":4,\"_instanceId\":47},null,{\"_typeId\":4,\"_instanceId\":43},null,null,null]}"}}