{"Version":"0.0.0","Data":{"ZipLineManager":"{\"Version\":\"0.0.0\",\"Ziplines\":[{\"_anchorAPosition\":{\"x\":-1253.61658,\"y\":147.518982,\"z\":-308.9098},\"_anchorBPosition\":{\"x\":-1239.496,\"y\":151.557129,\"z\":-314.37793},\"_canBeDismantled\":true},{\"_anchorAPosition\":{\"x\":-1248.01025,\"y\":149.116821,\"z\":-312.643646},\"_anchorBPosition\":{\"x\":-1243.77515,\"y\":148.911591,\"z\":-308.445526},\"_canBeDismantled\":true},{\"_anchorAPosition\":{\"x\":-1254.87756,\"y\":141.059677,\"z\":-248.83873},\"_anchorBPosition\":{\"x\":-1278.31445,\"y\":122.811363,\"z\":-148.431717},\"_canBeDismantled\":true},{\"_anchorAPosition\":{\"x\":-631.502136,\"y\":311.222321,\"z\":-600.14386},\"_anchorBPosition\":{\"x\":-668.863647,\"y\":288.428131,\"z\":-644.078064},\"_canBeDismantled\":true},{\"_anchorAPosition\":{\"x\":-1605.13354,\"y\":30.980278,\"z\":426.097656},\"_anchorBPosition\":{\"x\":-1625.54932,\"y\":20.0087757,\"z\":448.174561},\"_canBeDismantled\":true},{\"_anchorAPosition\":{\"x\":-549.842834,\"y\":191.5403,\"z\":154.067062},\"_anchorBPosition\":{\"x\":-538.994934,\"y\":195.501984,\"z\":138.587524},\"_canBeDismantled\":true},{\"_anchorAPosition\":{\"x\":-1604.34229,\"y\":33.0074158,\"z\":444.4609},\"_anchorBPosition\":{\"x\":-1474.65894,\"y\":21.1858444,\"z\":428.263},\"_canBeDismantled\":true},{\"_anchorAPosition\":{\"x\":-1585.8562,\"y\":49.14392,\"z\":410.789154},\"_anchorBPosition\":{\"x\":-1617.34827,\"y\":32.4981232,\"z\":381.638275},\"_canBeDismantled\":true}]}"}}