{"Version":"0.0.0","Data":{"CookingSaveManager":"{\"_cookingPotData\":[{\"RecipeId\":-1},{\"RecipeId\":-1},{\"RecipeId\":-1},{\"RecipeId\":-1},{\"RecipeId\":-1},{\"RecipeId\":-1},{\"RecipeId\":-1},{\"RecipeId\":-1},{\"RecipeId\":-1},{\"RecipeId\":-1},{\"RecipeId\":-1},{\"RecipeId\":-1},{\"RecipeId\":-1},{\"RecipeId\":-1},{\"RecipeId\":-1},{\"RecipeId\":-1},{\"RecipeId\":-1},{\"RecipeId\":-1},{\"RecipeId\":-1},{\"RecipeId\":-1},{\"RecipeId\":-1},{\"RecipeId\":-1},{\"RecipeId\":-1},{\"RecipeId\":-1},{\"RecipeId\":-1},{\"RecipeId\":-1},{\"RecipeId\":-1},{\"RecipeId\":-1},{\"RecipeId\":-1},{\"RecipeId\":-1},{\"RecipeId\":-1},{\"HasPot\":true,\"IsDoneCooking\":true,\"CurrentLiquidVolume\":2000.0,\"RecipeId\":-2010958759,\"CookTimeRemaining\":-0.162469059},{\"RecipeId\":-1},{\"RecipeId\":-1},{\"RecipeId\":-1}]}"}}