{"Version":"0.0.0","Data":{"WorldItemManager":"{\"Version\":\"0.0.0\",\"WorldItemStates\":[{\"ObjectNameId\":\"World.GolfCart.01\",\"Position\":{\"x\":735.561462,\"y\":92.11,\"z\":1492.85645},\"Rotation\":{\"y\":59.3326035}},{\"ObjectNameId\":\"World.GolfCart.02\",\"Position\":{\"x\":1030.9928,\"y\":83.629,\"z\":1523.309},\"Rotation\":{\"y\":310.235138}},{\"ObjectNameId\":\"World.GolfCart.03\",\"Position\":{\"x\":1582.8606,\"y\":98.373,\"z\":1340.59045},\"Rotation\":{\"y\":146.876465}},{\"ObjectNameId\":\"World.GolfCart.04\",\"Position\":{\"x\":1014.11,\"y\":140.11,\"z\":1223.06},\"Rotation\":{\"y\":146.876465}},{\"ObjectNameId\":\"World.GolfCart.05\",\"Position\":{\"x\":1903.9,\"y\":15.253,\"z\":461.64},\"Rotation\":{\"y\":146.876465}},{\"ObjectNameId\":\"World.GolfCart.06\",\"Position\":{\"x\":1839.567,\"y\":15.09,\"z\":355.608978},\"Rotation\":{\"y\":97.15335}},{\"ObjectNameId\":\"World.GolfCart.07\",\"Position\":{\"x\":1691.495,\"y\":28.776,\"z\":1027.62219},\"Rotation\":{\"y\":97.15335}},{\"ObjectNameId\":\"World.GolfCart.08\",\"Position\":{\"x\":1828.626,\"y\":49.343,\"z\":-484.002},\"Rotation\":{\"y\":97.15335}},{\"ObjectNameId\":\"World.GolfCart.09\",\"Position\":{\"x\":1815.72327,\"y\":49.343,\"z\":-509.155945},\"Rotation\":{\"y\":304.951}},{\"ObjectNameId\":\"World.GolfCart.10\",\"Position\":{\"x\":-1134.227,\"y\":279.003,\"z\":-1106.351},\"Rotation\":{\"y\":16.8130627}},{\"ObjectNameId\":\"World.GolfCart.11\",\"Position\":{\"x\":-594.394653,\"y\":321.764862,\"z\":-556.939331},\"Rotation\":{\"x\":9.710952,\"y\":205.099869,\"z\":353.8369},\"ItemStateData\":[{\"Power\":1000.0,\"StateDataTypeId\":1,\"Version\":\"0.0.0\"}]},{\"ObjectNameId\":\"World.GolfCart.12\",\"Position\":{\"x\":-596.8075,\"y\":321.1153,\"z\":-559.8866},\"Rotation\":{\"x\":1.675479,\"y\":298.2231,\"z\":9.206819},\"ItemStateData\":[{\"Power\":1000.0,\"StateDataTypeId\":1,\"Version\":\"0.0.0\"}]},{\"ObjectNameId\":\"World.GolfCart.13\",\"Position\":{\"x\":1044.47864,\"y\":16.305,\"z\":1825.028},\"Rotation\":{\"x\":7.10553932}},{\"ObjectNameId\":\"World.HangGlider.01\",\"ItemId\":626,\"Position\":{\"x\":-504.4314,\"y\":322.9,\"z\":-307.391937},\"Rotation\":{\"x\":347.33783,\"y\":304.745667,\"z\":6.05460072}},{\"ObjectNameId\":\"World.HangGlider.02\",\"ItemId\":626,\"Position\":{\"x\":-129.59,\"y\":409.49,\"z\":-1028.08},\"Rotation\":{\"x\":345.409454,\"y\":329.2675,\"z\":0.93207866}},{\"ObjectNameId\":\"World.HangGlider.03\",\"ItemId\":626,\"Position\":{\"x\":366.28,\"y\":528.44,\"z\":-160.22},\"Rotation\":{\"x\":345.409454,\"y\":329.2675,\"z\":0.93207866}},{\"ObjectNameId\":\"World.HangGlider.04\",\"ItemId\":626,\"Position\":{\"x\":-1184.1,\"y\":221.516174,\"z\":-1728.82288},\"Rotation\":{\"x\":339.567169,\"y\":202.175552,\"z\":358.482422}},{\"ObjectNameId\":\"World.HangGlider.05\",\"ItemId\":626,\"Position\":{\"x\":733.1571,\"y\":369.35,\"z\":740.7741},\"Rotation\":{\"x\":346.592865,\"y\":55.28923,\"z\":3.63867712}},{\"ObjectNameId\":\"World.HangGlider.06\",\"ItemId\":626,\"Position\":{\"x\":1083.82,\"y\":276.317383,\"z\":-108.445892},\"Rotation\":{\"x\":344.984741,\"y\":55.88374,\"z\":1.21760261}},{\"ObjectNameId\":\"World.HangGlider.07\",\"ItemId\":626,\"Position\":{\"x\":797.909,\"y\":227.65,\"z\":974.662},\"Rotation\":{\"x\":344.984772,\"y\":85.53987,\"z\":1.21760166}},{\"ObjectNameId\":\"World.HangGlider.08\",\"ItemId\":626,\"Position\":{\"x\":-30.42196,\"y\":250.851,\"z\":665.780762},\"Rotation\":{\"x\":344.984772,\"y\":29.0722332,\"z\":1.2176019}},{\"ObjectNameId\":\"World.HangGlider.09\",\"ItemId\":626,\"Position\":{\"x\":1297.53906,\"y\":193.973,\"z\":-30.139},\"Rotation\":{\"x\":344.984741,\"y\":92.78199,\"z\":1.217601}},{\"ObjectNameId\":\"World.HangGlider.10\",\"ItemId\":626,\"Position\":{\"x\":789.7307,\"y\":400.973053,\"z\":273.9027},\"Rotation\":{\"x\":347.482727,\"y\":134.715927,\"z\":6.64512062}},{\"ObjectNameId\":\"World.HangGlider.11\",\"ItemId\":626,\"Position\":{\"x\":-1772.03,\"y\":83.56678,\"z\":1171.02441},\"Rotation\":{\"x\":347.06366,\"y\":258.640076,\"z\":4.550671}},{\"ObjectNameId\":\"World.HangGlider.12\",\"ItemId\":626,\"Position\":{\"x\":-1297.054,\"y\":79.975,\"z\":1740.63477},\"Rotation\":{\"x\":345.6263,\"y\":51.9747849,\"z\":2.88373137}},{\"ObjectNameId\":\"World.HangGlider.13\",\"ItemId\":626,\"Position\":{\"x\":-799.537,\"y\":189.46,\"z\":-281.768},\"Rotation\":{\"x\":345.6263,\"y\":325.6798,\"z\":2.883733}},{\"ObjectNameId\":\"World.HangGlider.14\",\"ItemId\":626,\"Position\":{\"x\":846.108,\"y\":208.549,\"z\":1105.33716},\"Rotation\":{\"x\":345.6263,\"y\":41.03186,\"z\":2.88373685}},{\"ObjectNameId\":\"World.KnightV.01\",\"ItemId\":630,\"Position\":{\"x\":-1271.26,\"y\":103.854,\"z\":-14.9114027},\"Rotation\":{\"z\":326.879028},\"State\":1},{\"ObjectNameId\":\"World.KnightV.02\",\"ItemId\":630,\"Position\":{\"x\":-1121.4198,\"y\":37.108,\"z\":1628.24243},\"Rotation\":{\"x\":352.2902,\"y\":49.62521,\"z\":311.589752},\"State\":1},{\"ObjectNameId\":\"World.KnightV.03\",\"ItemId\":630,\"Position\":{\"x\":-238.128,\"y\":97.089,\"z\":950.960266},\"Rotation\":{\"x\":356.628723,\"y\":69.52765,\"z\":37.5220947}},{\"ObjectNameId\":\"World.KnightV.04\",\"ItemId\":630,\"Position\":{\"x\":-1031.791,\"y\":226.86,\"z\":-625.11},\"Rotation\":{\"x\":351.3573,\"y\":158.840546,\"z\":335.1593}},{\"ObjectNameId\":\"World.KnightV.05\",\"ItemId\":630,\"Position\":{\"x\":1285.29871,\"y\":228.157,\"z\":-725.347},\"Rotation\":{\"x\":354.536316,\"y\":258.733917,\"z\":33.54773}},{\"ObjectNameId\":\"World.KnightV.06\",\"ItemId\":630,\"Position\":{\"x\":1106.58667,\"y\":87.5037155,\"z\":1622.528},\"Rotation\":{\"x\":353.512939,\"y\":186.727982,\"z\":59.38967}},{\"ObjectNameId\":\"World.KnightV.07\",\"ItemId\":630,\"Position\":{\"x\":1454.986,\"y\":192.25,\"z\":-417.372},\"Rotation\":{\"x\":355.17334,\"y\":306.921173,\"z\":323.681152}},{\"ObjectNameId\":\"World.KnightV.08\",\"ItemId\":630,\"Position\":{\"x\":-1092.74023,\"y\":93.476,\"z\":1277.42529},\"Rotation\":{\"x\":353.6405,\"y\":269.1214,\"z\":53.79985},\"State\":1},{\"ObjectNameId\":\"World.KnightV.09\",\"ItemId\":630,\"Position\":{\"x\":-1177.635,\"y\":227.554,\"z\":-1697.917},\"Rotation\":{\"x\":0.430921555,\"y\":210.561981,\"z\":312.084717}},{\"ObjectNameId\":\"World.KnightV.10\",\"ItemId\":630,\"Position\":{\"x\":-973.578,\"y\":272.885,\"z\":-783.283},\"Rotation\":{\"x\":359.134064,\"y\":148.511169,\"z\":308.603241}},{\"ObjectNameId\":\"World.KnightV.11\",\"ItemId\":630,\"Position\":{\"x\":-734.531,\"y\":134.001541,\"z\":28.555},\"Rotation\":{\"x\":359.134064,\"y\":275.3971,\"z\":308.603241},\"State\":1},{\"ObjectNameId\":\"World.KnightV.12\",\"ItemId\":630,\"Position\":{\"x\":-973.578,\"y\":272.885,\"z\":-783.283},\"Rotation\":{\"x\":359.134064,\"y\":148.511169,\"z\":308.603241}},{\"ObjectNameId\":\"World.KnightV.13\",\"ItemId\":630,\"Position\":{\"x\":-1132.82556,\"y\":278.821,\"z\":-1086.89417},\"Rotation\":{\"x\":356.135834,\"y\":114.3761,\"z\":40.2333832}},{\"ObjectNameId\":\"55e18708-604a-409e-a818-45cac98d8785\",\"ItemId\":630,\"Position\":{\"x\":1835.89209,\"y\":16.6803684,\"z\":1486.6283},\"Rotation\":{\"x\":0.00258222176,\"y\":316.598541,\"z\":0.00076226925},\"RuntimeCreated\":true},{\"ObjectNameId\":\"b59e8e83-88d6-4eb4-8727-54f269c83f19\",\"ItemId\":630,\"Position\":{\"x\":-1134.02234,\"y\":37.56707,\"z\":1620.34143},\"Rotation\":{\"x\":297.249756,\"y\":350.669983,\"z\":188.29274},\"RuntimeCreated\":true},{\"ObjectNameId\":\"6bd14ead-427c-4e52-97b7-625a8637e6ce\",\"ItemId\":630,\"Position\":{\"x\":-1131.4939,\"y\":37.6310463,\"z\":1631.885},\"Rotation\":{\"x\":355.984741,\"y\":90.30425,\"z\":106.5206},\"RuntimeCreated\":true},{\"ObjectNameId\":\"15ab3217-1a69-4c27-abdb-dbb029917975\",\"ItemId\":630,\"Position\":{\"x\":-937.021851,\"y\":251.161575,\"z\":-1001.10406},\"Rotation\":{\"x\":-0.0012150663,\"y\":64.85919,\"z\":359.99},\"RuntimeCreated\":true},{\"ObjectNameId\":\"8ded88b9-8e25-4a70-984e-7804169dddda\",\"ItemId\":630,\"Position\":{\"x\":-673.882141,\"y\":282.383728,\"z\":-606.4725},\"Rotation\":{\"x\":3.35658288,\"y\":54.3981552,\"z\":359.9875},\"RuntimeCreated\":true},{\"ObjectNameId\":\"ecfd83e2-ea80-4409-a4ba-f9fed1cea91f\",\"ItemId\":630,\"Position\":{\"x\":-1156.36292,\"y\":130.924942,\"z\":-160.76712},\"Rotation\":{\"x\":3.33187056,\"y\":148.99678,\"z\":358.885132},\"RuntimeCreated\":true},{\"ObjectNameId\":\"c463fe8d-7e7d-4b4a-a6eb-a46af60da08d\",\"ItemId\":630,\"Position\":{\"x\":-885.6827,\"y\":251.162277,\"z\":-935.2589},\"Rotation\":{\"x\":-0.004381626,\"y\":202.837967,\"z\":0.006063137},\"RuntimeCreated\":true},{\"ObjectNameId\":\"140b93e8-56ee-4c19-9aea-9dec07a44558\",\"ItemId\":630,\"Position\":{\"x\":-1136.89746,\"y\":14.6776161,\"z\":1770.81519},\"Rotation\":{\"x\":1.13897073,\"y\":303.8679,\"z\":2.66948652},\"RuntimeCreated\":true},{\"ObjectNameId\":\"a6f104e4-f672-4c47-b47e-73ec641a9b71\",\"ItemId\":630,\"Position\":{\"x\":-1126.12231,\"y\":21.87783,\"z\":1689.47791},\"Rotation\":{\"x\":349.27774,\"y\":1.58648658,\"z\":107.663139},\"RuntimeCreated\":true},{\"ObjectNameId\":\"13fbd817-29a0-40fc-8b1e-d2fecb28949b\",\"ItemId\":630,\"Position\":{\"x\":-1121.58728,\"y\":37.0661125,\"z\":1634.93262},\"Rotation\":{\"x\":352.176453,\"y\":166.568588,\"z\":1.86118257},\"RuntimeCreated\":true},{\"ObjectNameId\":\"dd77762c-6dec-454a-8669-aacce911a67d\",\"ItemId\":626,\"Position\":{\"x\":-1544.508,\"y\":34.0387955,\"z\":388.8433},\"Rotation\":{\"x\":336.841034,\"y\":121.769051,\"z\":14.1684313},\"RuntimeCreated\":true},{\"ObjectNameId\":\"18adf36f-7d14-4aa0-8d27-d4e947e0cc26\",\"ItemId\":630,\"Position\":{\"x\":-699.387634,\"y\":102.779007,\"z\":463.300873},\"Rotation\":{\"x\":350.460571,\"y\":72.74492,\"z\":351.8589},\"State\":1,\"RuntimeCreated\":true},{\"ObjectNameId\":\"985af26b-830c-4335-8a67-de8dbc7bce28\",\"ItemId\":630,\"Position\":{\"x\":-1023.07867,\"y\":98.8644943,\"z\":1025.23779},\"Rotation\":{\"x\":2.78848219,\"y\":85.77165,\"z\":1.15181422},\"RuntimeCreated\":true},{\"ObjectNameId\":\"214c18ae-7527-4d27-af2d-cfb910625214\",\"ItemId\":630,\"Position\":{\"x\":-1024.9574,\"y\":98.9003754,\"z\":1024.76147},\"Rotation\":{\"x\":-0.004380253,\"y\":122.11441,\"z\":0.00717920344},\"State\":1,\"RuntimeCreated\":true},{\"ObjectNameId\":\"4a9ddf95-84b4-4010-844c-233b8ff61fd9\",\"ItemId\":630,\"Position\":{\"x\":-1019.18195,\"y\":98.89476,\"z\":1019.74829},\"Rotation\":{\"x\":3.6845088,\"y\":50.67865,\"z\":38.4159546},\"RuntimeCreated\":true},{\"ObjectNameId\":\"6fa138fc-4a27-4810-af47-36a3ada15ef2\",\"ItemId\":630,\"State\":1,\"RuntimeCreated\":true},{\"ObjectNameId\":\"a07e70d9-8d1a-4e1f-889f-d6945042f72f\",\"ItemId\":630,\"Position\":{\"x\":-1602.06689,\"y\":27.8816414,\"z\":412.016357},\"Rotation\":{\"x\":4.31687641,\"y\":293.705627,\"z\":123.497017},\"RuntimeCreated\":true},{\"ObjectNameId\":\"3117933e-355a-4882-bd70-b98f4a61756b\",\"ItemId\":630,\"State\":1,\"RuntimeCreated\":true},{\"ObjectNameId\":\"81be7c49-574c-4414-9da1-2778eae31571\",\"ItemId\":630,\"State\":1,\"RuntimeCreated\":true},{\"ObjectNameId\":\"ea37d487-be23-425a-8e53-8d81a2b0a2d3\",\"ItemId\":630,\"State\":1,\"RuntimeCreated\":true},{\"ObjectNameId\":\"39ff3822-905d-4e86-942f-411eeff3ca39\",\"ItemId\":630,\"State\":1,\"RuntimeCreated\":true},{\"ObjectNameId\":\"71e81d4d-dd2b-4d87-ad43-93a156641244\",\"ItemId\":630,\"Position\":{\"x\":-237.838791,\"y\":97.15418,\"z\":940.37616},\"Rotation\":{\"x\":0.008579645,\"y\":5.95971,\"z\":359.994},\"RuntimeCreated\":true}]}"}}