{"Version":"0.0.0","Data":{"ScrewStructureNodeInstances":"{\"_structures\":[{\"Id\":53,\"Pos\":{\"x\":-442.8204,\"y\":78.8751144,\"z\":713.1282},\"Rot\":{\"y\":1.0}},{\"Id\":45,\"Pos\":{\"x\":-1588.91675,\"y\":28.0306072,\"z\":418.5454},\"Rot\":{\"x\":0.0459029265,\"y\":-0.2188842,\"z\":-0.0103091113,\"w\":0.974616051},\"Added\":3},{\"Id\":45,\"Pos\":{\"x\":-1589.86707,\"y\":28.0611649,\"z\":418.220764},\"Rot\":{\"x\":0.0459039025,\"y\":-0.21888417,\"z\":-0.01030933,\"w\":0.974616},\"Added\":4},{\"Id\":45,\"Pos\":{\"x\":-1590.75708,\"y\":28.0908852,\"z\":417.905},\"Rot\":{\"x\":0.04590284,\"y\":-0.2188842,\"z\":-0.010309061,\"w\":0.974616051},\"Added\":3},{\"Id\":57,\"Pos\":{\"x\":-1597.00684,\"y\":55.2683067,\"z\":429.6544},\"Rot\":{\"y\":-0.219126821,\"w\":0.9756964},\"Added\":4}]}"}}