{"Version":"0.0.0","Data":{"Fires":"{\"Version\":\"0.0.0\",\"FiresPerStructureType\":{\"25\":[{\"PutOutChance\":2,\"Fuel\":0.0001,\"FuelDrainRate\":1.0},{\"PutOutChance\":2,\"Fuel\":0.008505197,\"FuelDrainRate\":1.0},{\"PutOutChance\":2,\"Fuel\":0.009228962,\"FuelDrainRate\":1.0},{\"PutOutChance\":2,\"Fuel\":0.008775808,\"FuelDrainRate\":1.0},{\"PutOutChance\":2,\"Fuel\":0.0099141,\"FuelDrainRate\":1.0}],\"32\":[{\"PutOutChance\":2,\"Fuel\":120.0,\"FuelDrainRate\":1.0},{\"PutOutChance\":1,\"Fuel\":120.0,\"FuelDrainRate\":1.0},{\"PutOutChance\":1,\"Fuel\":120.0,\"FuelDrainRate\":1.0},{\"PutOutChance\":1,\"Fuel\":120.0,\"FuelDrainRate\":1.0},{\"PutOutChance\":1,\"Fuel\":120.0,\"FuelDrainRate\":1.0},{\"PutOutChance\":1,\"Fuel\":120.0,\"FuelDrainRate\":1.0},{\"PutOutChance\":1,\"Fuel\":120.0,\"FuelDrainRate\":0.25},{\"PutOutChance\":1,\"Fuel\":120.0,\"FuelDrainRate\":0.25},{\"PutOutChance\":1,\"Fuel\":120.0,\"FuelDrainRate\":1.0},{\"PutOutChance\":1,\"Fuel\":120.0,\"FuelDrainRate\":1.0},{\"PutOutChance\":1,\"Fuel\":120.0,\"FuelDrainRate\":0.25},{\"PutOutChance\":1,\"Fuel\":540.0,\"FuelDrainRate\":0.25},{\"PutOutChance\":1,\"Fuel\":120.0,\"FuelDrainRate\":1.0},{\"PutOutChance\":1,\"Fuel\":120.0,\"FuelDrainRate\":1.0},{\"PutOutChance\":1,\"Fuel\":120.0,\"FuelDrainRate\":1.0},{\"PutOutChance\":1,\"Fuel\":120.0,\"FuelDrainRate\":1.0},{\"PutOutChance\":1,\"Fuel\":120.0,\"FuelDrainRate\":1.0},{\"PutOutChance\":1,\"Fuel\":120.0,\"FuelDrainRate\":1.0},{\"PutOutChance\":1,\"Fuel\":120.0,\"FuelDrainRate\":1.0},{\"IsLit\":true,\"PutOutChance\":1,\"Fuel\":91.98186,\"FuelDrainRate\":0.25},{\"PutOutChance\":1,\"Fuel\":0.008376644,\"FuelDrainRate\":0.25},{\"PutOutChance\":1,\"Fuel\":0.0001,\"FuelDrainRate\":1.0},{\"IsLit\":true,\"PutOutChance\":2,\"Fuel\":299.304352,\"FuelDrainRate\":1.0}]}}"}}