{"Version":"0.0.0","Data":{"GameState":"{\"Version\":\"0.0.0\",\"SaveTime\":\"2023-07-24T08:00:03.7107915+02:00\",\"GameType\":\"Normal\",\"GameId\":\"c4ba6cd7-b94e-4d4b-96ac-7cb7ab97f44b\",\"GameDays\":22,\"GameHours\":14,\"GameMinutes\":43,\"GameSeconds\":16,\"GameMilliseconds\":373,\"CrashSite\":\"ocean\",\"NamedIntDatas\":[{\"SaveObjectNameId\":\"None\"},{\"SaveObjectNameId\":\"LuxuryBunker.EntranceDoor\"},{\"SaveObjectNameId\":\"LuxuryBunker.HellDoorCaveEntrance\"},{\"SaveObjectNameId\":\"HangingTacticalGpsPickedUp\"},{\"SaveObjectNameId\":\"BuriedTacticalGpsPickedUp\"},{\"SaveObjectNameId\":\"RaftTacticalGpsPickeUp\"},{\"SaveObjectNameId\":\"BunkerFoodAndDining.PufftonBossSpawn\"},{\"SaveObjectNameId\":\"BunkerA.EntranceHatch\"},{\"SaveObjectNameId\":\"BunkerB.EntranceHatch\"},{\"SaveObjectNameId\":\"BunkerC.EntranceHatch\"},{\"SaveObjectNameId\":\"EntertainmentBunker.ExitDoor\"},{\"SaveObjectNameId\":\"EntertainmentBunker.EntranceDoor\"},{\"SaveObjectNameId\":\"EntertainmentBunker.ComputerRoomDoor\"},{\"SaveObjectNameId\":\"CaveB.Sluggy\",\"SaveValue\":1},{\"SaveObjectNameId\":\"HangingTactical\",\"SaveValue\":1},{\"SaveObjectNameId\":\"HangingTacticalCutDown\",\"SaveValue\":1}]}"}}