{"Version":"0.0.0","Data":{"ScrewStructureInstances":"{\"_structures\":[{\"Id\":53,\"Pos\":{\"x\":-1117.96387,\"y\":37.99193,\"z\":1630.32263},\"Rot\":{\"x\":-0.365999341,\"y\":0.0697636,\"z\":0.0275266878,\"w\":0.9275882},\"Storages\":[]},{\"Id\":61,\"Pos\":{\"x\":-1117.99048,\"y\":38.56372,\"z\":1628.24963},\"Rot\":{\"x\":0.02821348,\"y\":0.910788238,\"z\":0.407042354,\"w\":-0.063129805},\"Storages\":[{\"Version\":\"0.0.0\",\"ItemBlocks\":[{\"ItemId\":650,\"TotalCount\":1,\"UniqueItems\":[]}]}]},{\"Id\":61,\"Pos\":{\"x\":-1123.91748,\"y\":39.6793175,\"z\":1627.757},\"Rot\":{\"x\":-2.98016278E-08,\"y\":-1.180112E-06,\"z\":-3.516926E-14,\"w\":1.0},\"Storages\":[{\"Version\":\"0.0.0\",\"ItemBlocks\":[{\"ItemId\":650,\"TotalCount\":1,\"UniqueItems\":[]}]}]},{\"Id\":47,\"Pos\":{\"x\":-1613.34,\"y\":18.1735325,\"z\":434.569977},\"Rot\":{\"x\":0.057936985,\"y\":-0.129445538,\"z\":-0.08526687,\"w\":-0.9862134},\"Storages\":[]},{\"Id\":53,\"Pos\":{\"x\":-1614.0304,\"y\":19.8208332,\"z\":431.232056},\"Rot\":{\"x\":-0.104726844,\"y\":-0.359749079,\"z\":-0.04067472,\"w\":0.9262605},\"Storages\":[]},{\"Id\":53,\"Pos\":{\"x\":-1611.5238,\"y\":20.576,\"z\":436.0922},\"Rot\":{\"x\":0.277778834,\"y\":-0.4180136,\"z\":0.135937676,\"w\":0.854180634},\"Storages\":[]},{\"Id\":61,\"Pos\":{\"x\":-1612.461,\"y\":20.82666,\"z\":432.7569},\"Rot\":{\"x\":0.021009082,\"y\":-0.4820961,\"z\":0.0115648685,\"w\":0.87579006},\"Storages\":[{\"Version\":\"0.0.0\",\"ItemBlocks\":[{\"ItemId\":482,\"TotalCount\":1,\"UniqueItems\":[{\"Modules\":[{\"SourceActorType\":12,\"Version\":\"0.0.0\",\"ModuleId\":1},{\"CurrentState\":3,\"TimeRemainingInState\":-323.551056,\"Version\":\"0.0.0\",\"ModuleId\":3}]}]}]}]},{\"Id\":56,\"Pos\":{\"x\":-1620.35059,\"y\":15.5182533,\"z\":429.01413},\"Rot\":{\"x\":-0.0216855351,\"y\":-0.130092978,\"z\":-0.015329049,\"w\":-0.9911461},\"Storages\":[]},{\"Id\":32,\"Pos\":{\"x\":-1621.3573,\"y\":15.4551792,\"z\":431.071655},\"Rot\":{\"x\":0.0288681425,\"y\":0.9322593,\"z\":0.0235823989,\"w\":-0.359865516},\"Storages\":[{\"Version\":\"0.0.0\",\"ItemBlocks\":[{\"ItemId\":405,\"TotalCount\":50,\"UniqueItems\":[]}]}]},{\"Id\":40,\"Pos\":{\"x\":-1622.61023,\"y\":15.6231318,\"z\":430.27063},\"Rot\":{\"x\":-0.0599438846,\"y\":-0.875471056,\"z\":-0.0590866953,\"w\":0.475884438},\"Storages\":[]},{\"Id\":47,\"Pos\":{\"x\":1819.03088,\"y\":16.41116,\"z\":1496.1427},\"Rot\":{\"y\":0.459896982,\"w\":0.8879723},\"Storages\":[]},{\"Id\":47,\"Pos\":{\"x\":-409.746521,\"y\":16.1907,\"z\":1394.4917},\"Rot\":{\"x\":-0.08666116,\"y\":-0.8847082,\"z\":0.13128975,\"w\":-0.4387987},\"Storages\":[]},{\"Id\":55,\"Pos\":{\"x\":-1246.55627,\"y\":149.538055,\"z\":-311.64386},\"Rot\":{\"x\":-0.0734401,\"y\":0.8179651,\"z\":0.107193656,\"w\":0.560401},\"Storages\":[]},{\"Id\":55,\"Pos\":{\"x\":-1245.8927,\"y\":149.0142,\"z\":-310.5446},\"Rot\":{\"x\":0.01587655,\"y\":0.3846516,\"z\":-0.00661711,\"w\":0.9229016},\"Storages\":[]},{\"Id\":55,\"Pos\":{\"x\":-1266.596,\"y\":131.935516,\"z\":-198.635223},\"Rot\":{\"x\":0.08689967,\"y\":-0.113966927,\"z\":0.0100075053,\"w\":0.9896261},\"Storages\":[]},{\"Id\":29,\"Pos\":{\"x\":-617.438965,\"y\":320.0705,\"z\":-555.839966},\"Rot\":{\"x\":-0.0286199134,\"y\":-0.9486953,\"z\":-0.0440045372,\"w\":-0.311803967},\"Storages\":[{\"Version\":\"0.0.0\",\"ItemBlocks\":[]}]},{\"Id\":55,\"Pos\":{\"x\":-650.182861,\"y\":299.825226,\"z\":-622.110962},\"Rot\":{\"x\":-0.0645668656,\"y\":0.9219882,\"z\":-0.17559287,\"w\":-0.339022279},\"Storages\":[]},{\"Id\":37,\"Pos\":{\"x\":-614.5973,\"y\":318.7862,\"z\":-573.0872},\"Rot\":{\"x\":-0.0786054358,\"y\":-0.464353949,\"z\":-0.02437616,\"w\":0.8818177},\"Storages\":[{\"Version\":\"0.0.0\",\"ItemBlocks\":[{\"ItemId\":78,\"TotalCount\":1,\"UniqueItems\":[]}]}]},{\"Id\":37,\"Pos\":{\"x\":-612.8967,\"y\":319.329071,\"z\":-570.312866},\"Rot\":{\"x\":0.0318305381,\"y\":-0.850743949,\"z\":-0.0158784259,\"w\":-0.5243753},\"Storages\":[{\"Version\":\"0.0.0\",\"ItemBlocks\":[{\"ItemId\":78,\"TotalCount\":3,\"UniqueItems\":[]}]}]},{\"Id\":22,\"Pos\":{\"x\":-621.2156,\"y\":321.394531,\"z\":-568.0864},\"Rot\":{\"x\":-0.00444488041,\"y\":0.929390967,\"z\":0.0118527319,\"w\":0.368879735},\"Storages\":[]},{\"Id\":24,\"Pos\":{\"x\":-618.256653,\"y\":323.86792,\"z\":-565.161},\"Rot\":{\"y\":0.9202449,\"w\":0.3913431},\"Storages\":[]},{\"Id\":51,\"Pos\":{\"x\":-621.4879,\"y\":322.85376,\"z\":-568.253845},\"Rot\":{\"x\":0.0284770038,\"y\":0.403631717,\"z\":-0.0125703448,\"w\":0.9143919},\"Storages\":[{\"Version\":\"0.0.0\",\"ItemBlocks\":[{\"ItemId\":502,\"TotalCount\":5,\"UniqueItems\":[]}]},{\"Version\":\"0.0.0\",\"ItemBlocks\":[{\"ItemId\":496,\"TotalCount\":9,\"UniqueItems\":[]}]},{\"Version\":\"0.0.0\",\"ItemBlocks\":[{\"ItemId\":410,\"TotalCount\":9,\"UniqueItems\":[]}]},{\"Version\":\"0.0.0\",\"ItemBlocks\":[{\"ItemId\":527,\"TotalCount\":4,\"UniqueItems\":[]}]}]},{\"Id\":20,\"Pos\":{\"x\":-619.9426,\"y\":324.104248,\"z\":-567.5572},\"Rot\":{\"x\":0.011785469,\"y\":-0.35428977,\"z\":0.004631304,\"w\":0.93505},\"Storages\":[]},{\"Id\":61,\"Pos\":{\"x\":-1624.783,\"y\":17.6254044,\"z\":429.398743},\"Rot\":{\"x\":-5.002123E-13,\"y\":1.0,\"z\":5.963981E-08,\"w\":8.387221E-06},\"Storages\":[{\"Version\":\"0.0.0\",\"ItemBlocks\":[{\"ItemId\":648,\"TotalCount\":1,\"UniqueItems\":[]}]}]},{\"Id\":61,\"Pos\":{\"x\":-1622.92383,\"y\":18.1216679,\"z\":427.729858},\"Rot\":{\"x\":1.49012021E-08,\"y\":-0.70710665,\"z\":1.49011967E-08,\"w\":0.7071069},\"Storages\":[{\"Version\":\"0.0.0\",\"ItemBlocks\":[{\"ItemId\":643,\"TotalCount\":1,\"UniqueItems\":[]}]}]},{\"Id\":61,\"Pos\":{\"x\":-1627.10156,\"y\":18.1385117,\"z\":430.7352},\"Rot\":{\"x\":-4.171877E-13,\"y\":1.0,\"z\":5.962911E-08,\"w\":6.996376E-06},\"Storages\":[{\"Version\":\"0.0.0\",\"ItemBlocks\":[{\"ItemId\":644,\"TotalCount\":1,\"UniqueItems\":[]}]}]},{\"Id\":21,\"Pos\":{\"x\":-1630.60864,\"y\":14.739584,\"z\":450.395142},\"Rot\":{\"x\":-0.0104644233,\"y\":0.857147753,\"z\":0.006286435,\"w\":0.514926},\"Storages\":[]},{\"Id\":45,\"Pos\":{\"x\":-1629.94763,\"y\":14.7663565,\"z\":449.719147},\"Rot\":{\"x\":-0.004335305,\"y\":0.857087,\"z\":0.016489841,\"w\":0.514889538},\"Storages\":[]},{\"Id\":45,\"Pos\":{\"x\":-1630.14514,\"y\":14.78195,\"z\":449.039673},\"Rot\":{\"x\":0.00163630955,\"y\":0.8569109,\"z\":0.0264355633,\"w\":0.5147837},\"Storages\":[]},{\"Id\":63,\"Pos\":{\"x\":-1632.647,\"y\":14.71069,\"z\":450.622375},\"Rot\":{\"y\":-0.9019963,\"w\":0.431743741},\"Storages\":[]},{\"Id\":31,\"Pos\":{\"x\":-1625.25549,\"y\":15.7520275,\"z\":432.023621},\"Rot\":{\"x\":0.0101412181,\"y\":-0.9280232,\"z\":-0.0587910824,\"w\":0.367714137},\"Storages\":[{\"Version\":\"0.0.0\",\"ItemBlocks\":[{\"ItemId\":393,\"TotalCount\":17,\"UniqueItems\":[]}]}]},{\"Id\":29,\"Pos\":{\"x\":-1624.10217,\"y\":15.7461729,\"z\":431.37735},\"Rot\":{\"x\":-0.0200062077,\"y\":-0.9285207,\"z\":-0.04572085,\"w\":0.367911249},\"Storages\":[{\"Version\":\"0.0.0\",\"ItemBlocks\":[{\"ItemId\":392,\"TotalCount\":2,\"UniqueItems\":[]}]}]},{\"Id\":22,\"Pos\":{\"x\":-1616.479,\"y\":18.235508,\"z\":435.295},\"Rot\":{\"y\":-0.987733,\"w\":0.156152368},\"Storages\":[]},{\"Id\":55,\"Pos\":{\"x\":-1615.34143,\"y\":25.4945259,\"z\":437.1361},\"Rot\":{\"x\":0.162060782,\"y\":-0.358998865,\"z\":0.0634478256,\"w\":0.9169681},\"Storages\":[]},{\"Id\":54,\"Pos\":{\"x\":-1617.03638,\"y\":17.740654,\"z\":435.496063},\"Rot\":{\"y\":-0.595374465,\"w\":0.803448439},\"Storages\":[]},{\"Id\":37,\"Pos\":{\"x\":-1626.9137,\"y\":15.150198,\"z\":436.080444},\"Rot\":{\"x\":0.0278699622,\"y\":-0.8147166,\"z\":-0.0800150558,\"w\":0.573635638},\"Storages\":[{\"Version\":\"0.0.0\",\"ItemBlocks\":[]}]},{\"Id\":62,\"Pos\":{\"x\":-1626.47107,\"y\":15.58629,\"z\":433.4801},\"Rot\":{\"x\":-0.0566112958,\"y\":-0.50243336,\"z\":-0.0188237056,\"w\":-0.8625553},\"Storages\":[{\"Version\":\"0.0.0\",\"ItemBlocks\":[{\"ItemId\":640,\"TotalCount\":2,\"UniqueItems\":[]}]}]},{\"Id\":32,\"Pos\":{\"x\":-1620.48267,\"y\":15.49205,\"z\":430.547363},\"Rot\":{\"x\":0.03716029,\"y\":-0.9711938,\"z\":-0.00293484982,\"w\":0.235357478},\"Storages\":[{\"Version\":\"0.0.0\",\"ItemBlocks\":[{\"ItemId\":405,\"TotalCount\":19,\"UniqueItems\":[]}]}]},{\"Id\":53,\"Pos\":{\"x\":-1611.81958,\"y\":21.5059624,\"z\":436.099518},\"Rot\":{\"x\":-0.144624233,\"y\":-0.7242881,\"z\":-0.159944847,\"w\":0.6549109},\"Storages\":[]},{\"Id\":53,\"Pos\":{\"x\":-1613.47461,\"y\":20.47324,\"z\":438.349274},\"Rot\":{\"x\":-2.91730533E-08,\"y\":0.2044106,\"z\":6.09191053E-09,\"w\":0.9788853},\"Storages\":[]},{\"Id\":53,\"Pos\":{\"x\":-1615.56543,\"y\":20.494154,\"z\":433.551849},\"Rot\":{\"x\":-0.008910504,\"y\":0.9779527,\"z\":-0.0426685661,\"w\":-0.204226464},\"Storages\":[]},{\"Id\":57,\"Pos\":{\"x\":-1628.947,\"y\":14.7560453,\"z\":452.134552},\"Rot\":{\"x\":0.01644587,\"y\":-0.595291555,\"z\":0.00283620018,\"w\":0.8033365},\"Storages\":[]},{\"Id\":27,\"Pos\":{\"x\":-1615.41919,\"y\":18.2340031,\"z\":437.496857},\"Rot\":{\"y\":-0.595374465,\"w\":0.803448439},\"Storages\":[{\"Version\":\"0.0.0\",\"ItemBlocks\":[{\"ItemId\":433,\"TotalCount\":4,\"UniqueItems\":[{\"Modules\":[{\"CurrentState\":1,\"TimeRemainingInState\":29061.0566,\"PauseDecay\":true,\"Version\":\"0.0.0\",\"ModuleId\":3}]},{\"Modules\":[{\"CurrentState\":1,\"TimeRemainingInState\":29041.3574,\"PauseDecay\":true,\"Version\":\"0.0.0\",\"ModuleId\":3}]},{\"Modules\":[{\"CurrentState\":1,\"TimeRemainingInState\":29327.1055,\"PauseDecay\":true,\"Version\":\"0.0.0\",\"ModuleId\":3}]},{\"Modules\":[{\"CurrentState\":1,\"TimeRemainingInState\":29274.4785,\"PauseDecay\":true,\"Version\":\"0.0.0\",\"ModuleId\":3}]}]}]}]},{\"Id\":25,\"Pos\":{\"x\":-1615.33594,\"y\":18.2346649,\"z\":435.928833},\"Rot\":{\"y\":0.199166328,\"w\":0.9799657},\"Storages\":[]},{\"Id\":25,\"Pos\":{\"x\":-1614.34534,\"y\":18.2334518,\"z\":437.81424},\"Rot\":{\"y\":-0.8344523,\"w\":0.5510802},\"Storages\":[]},{\"Id\":25,\"Pos\":{\"x\":-1610.62708,\"y\":19.333374,\"z\":438.589966},\"Rot\":{\"x\":0.0301895514,\"y\":-0.495019048,\"z\":0.0354485437,\"w\":0.867633641},\"Storages\":[]},{\"Id\":53,\"Pos\":{\"x\":-1198.692,\"y\":61.4978943,\"z\":78.15704},\"Rot\":{\"x\":5.180234E-08,\"y\":0.0861210153,\"z\":-4.477907E-09,\"w\":0.9962847},\"Storages\":[]},{\"Id\":21,\"Pos\":{\"x\":-1632.35815,\"y\":14.7328749,\"z\":449.7081},\"Rot\":{\"x\":-0.00368577242,\"y\":0.836248934,\"z\":0.0166473947,\"w\":0.548085},\"Storages\":[]}]}"}}