{"Version":"0.0.0","Data":{"WorldItemManager":"{\"Version\":\"0.0.0\",\"WorldItemStates\":[{\"ObjectNameId\":\"World.GolfCart.01\",\"Position\":{\"x\":735.561462,\"y\":92.11,\"z\":1492.85645},\"Rotation\":{\"y\":59.3326035}},{\"ObjectNameId\":\"World.GolfCart.02\",\"Position\":{\"x\":1030.9928,\"y\":83.629,\"z\":1523.309},\"Rotation\":{\"y\":310.235138}},{\"ObjectNameId\":\"World.GolfCart.03\",\"Position\":{\"x\":1582.8606,\"y\":98.373,\"z\":1340.59045},\"Rotation\":{\"y\":146.876465}},{\"ObjectNameId\":\"World.GolfCart.04\",\"Position\":{\"x\":1014.11,\"y\":140.11,\"z\":1223.06},\"Rotation\":{\"y\":146.876465}},{\"ObjectNameId\":\"World.GolfCart.05\",\"Position\":{\"x\":1903.9,\"y\":15.253,\"z\":461.64},\"Rotation\":{\"y\":146.876465}},{\"ObjectNameId\":\"World.GolfCart.06\",\"Position\":{\"x\":1839.567,\"y\":15.09,\"z\":355.608978},\"Rotation\":{\"y\":97.15335}},{\"ObjectNameId\":\"World.GolfCart.07\",\"Position\":{\"x\":1691.495,\"y\":28.776,\"z\":1027.62219},\"Rotation\":{\"y\":97.15335}},{\"ObjectNameId\":\"World.GolfCart.08\",\"Position\":{\"x\":1828.626,\"y\":49.343,\"z\":-484.002},\"Rotation\":{\"y\":97.15335}},{\"ObjectNameId\":\"World.GolfCart.09\",\"Position\":{\"x\":1815.72327,\"y\":49.343,\"z\":-509.155945},\"Rotation\":{\"y\":304.951}},{\"ObjectNameId\":\"World.GolfCart.10\",\"Position\":{\"x\":-1134.227,\"y\":279.003,\"z\":-1106.351},\"Rotation\":{\"y\":16.8130627}},{\"ObjectNameId\":\"World.GolfCart.11\",\"Position\":{\"x\":-594.394653,\"y\":321.764862,\"z\":-556.939331},\"Rotation\":{\"x\":9.710952,\"y\":205.099869,\"z\":353.8369},\"ItemStateData\":[{\"Power\":1000.0,\"StateDataTypeId\":1,\"Version\":\"0.0.0\"}]},{\"ObjectNameId\":\"World.GolfCart.12\",\"Position\":{\"x\":-596.8075,\"y\":321.1153,\"z\":-559.8866},\"Rotation\":{\"x\":1.675479,\"y\":298.2231,\"z\":9.206819},\"ItemStateData\":[{\"Power\":1000.0,\"StateDataTypeId\":1,\"Version\":\"0.0.0\"}]},{\"ObjectNameId\":\"World.GolfCart.13\",\"Position\":{\"x\":1044.47864,\"y\":16.305,\"z\":1825.028},\"Rotation\":{\"x\":7.10553932}},{\"ObjectNameId\":\"World.HangGlider.01\",\"ItemId\":626,\"Position\":{\"x\":-504.4314,\"y\":322.9,\"z\":-307.391937},\"Rotation\":{\"x\":347.33783,\"y\":304.745667,\"z\":6.05460072}},{\"ObjectNameId\":\"World.HangGlider.02\",\"ItemId\":626,\"Position\":{\"x\":-129.59,\"y\":409.49,\"z\":-1028.08},\"Rotation\":{\"x\":345.409454,\"y\":329.2675,\"z\":0.93207866}},{\"ObjectNameId\":\"World.HangGlider.03\",\"ItemId\":626,\"Position\":{\"x\":366.28,\"y\":528.44,\"z\":-160.22},\"Rotation\":{\"x\":345.409454,\"y\":329.2675,\"z\":0.93207866}},{\"ObjectNameId\":\"World.HangGlider.04\",\"ItemId\":626,\"Position\":{\"x\":-1184.1,\"y\":221.516174,\"z\":-1728.82288},\"Rotation\":{\"x\":339.567169,\"y\":202.175552,\"z\":358.482422}},{\"ObjectNameId\":\"World.HangGlider.05\",\"ItemId\":626,\"Position\":{\"x\":733.1571,\"y\":369.35,\"z\":740.7741},\"Rotation\":{\"x\":346.592865,\"y\":55.28923,\"z\":3.63867712}},{\"ObjectNameId\":\"World.HangGlider.06\",\"ItemId\":626,\"Position\":{\"x\":1083.82,\"y\":276.317383,\"z\":-108.445892},\"Rotation\":{\"x\":344.984741,\"y\":55.88374,\"z\":1.21760261}},{\"ObjectNameId\":\"World.HangGlider.07\",\"ItemId\":626,\"Position\":{\"x\":797.909,\"y\":227.65,\"z\":974.662},\"Rotation\":{\"x\":344.984772,\"y\":85.53987,\"z\":1.21760166}},{\"ObjectNameId\":\"World.HangGlider.08\",\"ItemId\":626,\"Position\":{\"x\":-30.42196,\"y\":250.851,\"z\":665.780762},\"Rotation\":{\"x\":344.984772,\"y\":29.0722332,\"z\":1.2176019}},{\"ObjectNameId\":\"World.HangGlider.09\",\"ItemId\":626,\"Position\":{\"x\":1297.53906,\"y\":193.973,\"z\":-30.139},\"Rotation\":{\"x\":344.984741,\"y\":92.78199,\"z\":1.217601}},{\"ObjectNameId\":\"World.HangGlider.10\",\"ItemId\":626,\"Position\":{\"x\":789.7307,\"y\":400.973053,\"z\":273.9027},\"Rotation\":{\"x\":347.482727,\"y\":134.715927,\"z\":6.64512062}},{\"ObjectNameId\":\"World.HangGlider.11\",\"ItemId\":626,\"Position\":{\"x\":-1772.03,\"y\":83.56678,\"z\":1171.02441},\"Rotation\":{\"x\":347.06366,\"y\":258.640076,\"z\":4.550671}},{\"ObjectNameId\":\"World.HangGlider.12\",\"ItemId\":626,\"Position\":{\"x\":-1297.054,\"y\":79.975,\"z\":1740.63477},\"Rotation\":{\"x\":345.6263,\"y\":51.9747849,\"z\":2.88373137}},{\"ObjectNameId\":\"World.HangGlider.13\",\"ItemId\":626,\"Position\":{\"x\":-799.537,\"y\":189.46,\"z\":-281.768},\"Rotation\":{\"x\":345.6263,\"y\":325.6798,\"z\":2.883733}},{\"ObjectNameId\":\"World.HangGlider.14\",\"ItemId\":626,\"Position\":{\"x\":846.108,\"y\":208.549,\"z\":1105.33716},\"Rotation\":{\"x\":345.6263,\"y\":41.03186,\"z\":2.88373685}},{\"ObjectNameId\":\"World.KnightV.01\",\"ItemId\":630,\"Position\":{\"x\":-1271.26,\"y\":103.854,\"z\":-14.9114027},\"Rotation\":{\"z\":326.879028},\"State\":1},{\"ObjectNameId\":\"World.KnightV.02\",\"ItemId\":630,\"Position\":{\"x\":-1121.4198,\"y\":37.108,\"z\":1628.24243},\"Rotation\":{\"x\":352.2902,\"y\":49.62521,\"z\":311.589752},\"State\":1},{\"ObjectNameId\":\"World.KnightV.03\",\"ItemId\":630,\"Position\":{\"x\":-238.128,\"y\":97.089,\"z\":950.960266},\"Rotation\":{\"x\":356.628723,\"y\":69.52765,\"z\":37.52209}},{\"ObjectNameId\":\"World.KnightV.04\",\"ItemId\":630,\"Position\":{\"x\":-1031.791,\"y\":226.86,\"z\":-625.11},\"Rotation\":{\"x\":351.3573,\"y\":158.840546,\"z\":335.1593}},{\"ObjectNameId\":\"World.KnightV.05\",\"ItemId\":630,\"Position\":{\"x\":1285.29871,\"y\":228.157,\"z\":-725.347},\"Rotation\":{\"x\":354.536316,\"y\":258.733917,\"z\":33.54773}},{\"ObjectNameId\":\"World.KnightV.06\",\"ItemId\":630,\"Position\":{\"x\":1106.58667,\"y\":87.5037155,\"z\":1622.528},\"Rotation\":{\"x\":353.512939,\"y\":186.727982,\"z\":59.38967}},{\"ObjectNameId\":\"World.KnightV.07\",\"ItemId\":630,\"Position\":{\"x\":1454.986,\"y\":192.25,\"z\":-417.372},\"Rotation\":{\"x\":355.17334,\"y\":306.921173,\"z\":323.681152}},{\"ObjectNameId\":\"World.KnightV.08\",\"ItemId\":630,\"Position\":{\"x\":-1092.74023,\"y\":93.476,\"z\":1277.42529},\"Rotation\":{\"x\":353.6405,\"y\":269.1214,\"z\":53.79985},\"State\":1},{\"ObjectNameId\":\"World.KnightV.09\",\"ItemId\":630,\"Position\":{\"x\":-1177.635,\"y\":227.554,\"z\":-1697.917},\"Rotation\":{\"x\":0.430921555,\"y\":210.561981,\"z\":312.084717}},{\"ObjectNameId\":\"World.KnightV.10\",\"ItemId\":630,\"Position\":{\"x\":-973.578,\"y\":272.885,\"z\":-783.283},\"Rotation\":{\"x\":359.134064,\"y\":148.511169,\"z\":308.603241}},{\"ObjectNameId\":\"World.KnightV.11\",\"ItemId\":630,\"Position\":{\"x\":-734.531,\"y\":134.001541,\"z\":28.555},\"Rotation\":{\"x\":359.134064,\"y\":275.3971,\"z\":308.603241},\"State\":1},{\"ObjectNameId\":\"World.KnightV.12\",\"ItemId\":630,\"Position\":{\"x\":-973.578,\"y\":272.885,\"z\":-783.283},\"Rotation\":{\"x\":359.134064,\"y\":148.511169,\"z\":308.603241}},{\"ObjectNameId\":\"World.KnightV.13\",\"ItemId\":630,\"Position\":{\"x\":-1132.82556,\"y\":278.821,\"z\":-1086.89417},\"Rotation\":{\"x\":356.135834,\"y\":114.3761,\"z\":40.2333832}},{\"ObjectNameId\":\"55e18708-604a-409e-a818-45cac98d8785\",\"ItemId\":630,\"Position\":{\"x\":1835.892,\"y\":16.6803589,\"z\":1486.6283},\"Rotation\":{\"x\":0.0020287612,\"y\":316.595764,\"z\":0.00162273436},\"RuntimeCreated\":true},{\"ObjectNameId\":\"b59e8e83-88d6-4eb4-8727-54f269c83f19\",\"ItemId\":630,\"Position\":{\"x\":-1134.02246,\"y\":37.5678062,\"z\":1620.34277},\"Rotation\":{\"x\":297.510925,\"y\":350.7494,\"z\":188.244614},\"RuntimeCreated\":true},{\"ObjectNameId\":\"6bd14ead-427c-4e52-97b7-625a8637e6ce\",\"ItemId\":630,\"Position\":{\"x\":-1131.49365,\"y\":37.6309,\"z\":1631.886},\"Rotation\":{\"x\":356.0133,\"y\":90.31695,\"z\":106.703049},\"RuntimeCreated\":true},{\"ObjectNameId\":\"15ab3217-1a69-4c27-abdb-dbb029917975\",\"ItemId\":630,\"Position\":{\"x\":-937.021851,\"y\":251.161514,\"z\":-1001.10406},\"Rotation\":{\"x\":0.006181019,\"y\":64.86283,\"z\":-0.00256294012},\"RuntimeCreated\":true},{\"ObjectNameId\":\"8ded88b9-8e25-4a70-984e-7804169dddda\",\"ItemId\":630,\"Position\":{\"x\":-671.3811,\"y\":282.3838,\"z\":-606.9958},\"Rotation\":{\"x\":3.33242846,\"y\":353.696747,\"z\":0.02581076},\"RuntimeCreated\":true},{\"ObjectNameId\":\"ecfd83e2-ea80-4409-a4ba-f9fed1cea91f\",\"ItemId\":630,\"Position\":{\"x\":-1156.36292,\"y\":130.924927,\"z\":-160.76712},\"Rotation\":{\"x\":3.331775,\"y\":148.997589,\"z\":358.885162},\"RuntimeCreated\":true},{\"ObjectNameId\":\"c463fe8d-7e7d-4b4a-a6eb-a46af60da08d\",\"ItemId\":630,\"Position\":{\"x\":-885.6828,\"y\":251.161469,\"z\":-935.2589},\"Rotation\":{\"x\":0.00637469953,\"y\":202.841537,\"z\":-0.004086027},\"RuntimeCreated\":true},{\"ObjectNameId\":\"a91019ab-180e-45f5-a668-958a0978de3b\",\"ItemId\":630,\"Position\":{\"x\":-695.9855,\"y\":103.310638,\"z\":454.460175},\"Rotation\":{\"x\":357.033264,\"y\":137.312973,\"z\":357.292755},\"RuntimeCreated\":true},{\"ObjectNameId\":\"140b93e8-56ee-4c19-9aea-9dec07a44558\",\"ItemId\":630,\"Position\":{\"x\":-1136.89746,\"y\":14.6778431,\"z\":1770.81555},\"Rotation\":{\"x\":1.14148867,\"y\":303.875061,\"z\":2.60485864},\"RuntimeCreated\":true},{\"ObjectNameId\":\"a6f104e4-f672-4c47-b47e-73ec641a9b71\",\"ItemId\":630,\"Position\":{\"x\":-1126.12219,\"y\":21.8779068,\"z\":1689.47791},\"Rotation\":{\"x\":349.2896,\"y\":1.58145773,\"z\":107.674286},\"RuntimeCreated\":true},{\"ObjectNameId\":\"40241c8e-02b9-4838-9f5c-cad7c5290be3\",\"ItemId\":630,\"Position\":{\"x\":-110.295227,\"y\":-0.315149367,\"z\":-1056.54187},\"Rotation\":{\"x\":3.34702182,\"y\":341.87326,\"z\":8.06591052E-05},\"State\":1,\"RuntimeCreated\":true},{\"ObjectNameId\":\"13fbd817-29a0-40fc-8b1e-d2fecb28949b\",\"ItemId\":630,\"Position\":{\"x\":-1121.5874,\"y\":37.0652161,\"z\":1634.93237},\"Rotation\":{\"x\":352.177979,\"y\":166.560852,\"z\":1.85248625},\"RuntimeCreated\":true},{\"ObjectNameId\":\"e8637bd9-4a80-47ab-a8d3-3c7879839be1\",\"ItemId\":630,\"Position\":{\"x\":-1631.80579,\"y\":15.2322912,\"z\":443.884521},\"Rotation\":{\"x\":305.8946,\"y\":16.1147079,\"z\":108.97522},\"State\":1,\"RuntimeCreated\":true},{\"ObjectNameId\":\"666ef583-890a-41b6-b282-e387e736a7a6\",\"ItemId\":630,\"Position\":{\"x\":-1581.18677,\"y\":27.579031,\"z\":425.8729},\"Rotation\":{\"x\":73.77818,\"y\":337.90448,\"z\":227.652283},\"State\":1,\"RuntimeCreated\":true},{\"ObjectNameId\":\"7abcd9ee-c58d-4474-82b6-beee2c94f5e1\",\"ItemId\":630,\"Position\":{\"x\":-1581.49146,\"y\":28.35581,\"z\":415.970673},\"Rotation\":{\"x\":54.1635323,\"y\":142.888626,\"z\":287.1311},\"State\":1,\"RuntimeCreated\":true},{\"ObjectNameId\":\"02856b9a-c89d-4ce0-8442-c2d984312f78\",\"ItemId\":626,\"Position\":{\"x\":-1588.548,\"y\":45.7882271,\"z\":422.58902},\"Rotation\":{\"x\":350.8651,\"y\":23.3436069,\"z\":181.866821},\"State\":1,\"RuntimeCreated\":true},{\"ObjectNameId\":\"6c9dcd03-acef-426e-847a-effe03c02af4\",\"ItemId\":626,\"State\":1,\"RuntimeCreated\":true},{\"ObjectNameId\":\"51e8a4d4-209c-499a-a8d0-ecc1aa152cb4\",\"ItemId\":626,\"State\":1,\"RuntimeCreated\":true},{\"ObjectNameId\":\"1a50aba8-8d1f-453a-ade6-786c1afc5461\",\"ItemId\":626,\"State\":1,\"RuntimeCreated\":true},{\"ObjectNameId\":\"f6d1c2fe-a9a9-4e8b-9367-f3871059b261\",\"ItemId\":626,\"State\":1,\"RuntimeCreated\":true},{\"ObjectNameId\":\"383e25da-ae7a-4179-ab91-70ca6eb0d436\",\"ItemId\":626,\"State\":1,\"RuntimeCreated\":true},{\"ObjectNameId\":\"dd77762c-6dec-454a-8669-aacce911a67d\",\"ItemId\":626,\"Position\":{\"x\":-1544.872,\"y\":38.3184929,\"z\":388.171143},\"Rotation\":{\"x\":353.660248,\"y\":135.482925,\"z\":358.547333},\"RuntimeCreated\":true},{\"ObjectNameId\":\"3b342d28-d0d5-4b38-9965-20c770462d40\",\"ItemId\":630,\"State\":1,\"RuntimeCreated\":true},{\"ObjectNameId\":\"34d7dd79-f880-4924-af67-ffdff3db0f1c\",\"ItemId\":630,\"Position\":{\"x\":-1240.5437,\"y\":39.9645844,\"z\":284.909241},\"Rotation\":{\"x\":3.32490754,\"y\":22.9932365,\"z\":119.202606},\"State\":1,\"RuntimeCreated\":true},{\"ObjectNameId\":\"bd0e833e-3db2-4735-900e-e32375623f2a\",\"ItemId\":630,\"State\":1,\"RuntimeCreated\":true},{\"ObjectNameId\":\"88b6f7c0-40d5-417c-a44c-6e08e263c7b8\",\"ItemId\":630,\"State\":1,\"RuntimeCreated\":true},{\"ObjectNameId\":\"c5c2a36c-7359-4847-a768-55f2a5ebed5c\",\"ItemId\":630,\"Position\":{\"x\":-1192.18372,\"y\":66.55151,\"z\":132.252075},\"Rotation\":{\"x\":355.9191,\"y\":128.882126,\"z\":125.474213},\"State\":1,\"RuntimeCreated\":true},{\"ObjectNameId\":\"1d5401b4-5da3-4cd4-87c7-0dcde65c3585\",\"ItemId\":630,\"State\":1,\"RuntimeCreated\":true},{\"ObjectNameId\":\"6c80da16-0230-456e-80a0-df872249dbdf\",\"ItemId\":630,\"State\":1,\"RuntimeCreated\":true},{\"ObjectNameId\":\"4c4d3775-d550-4893-b036-5571e95579db\",\"ItemId\":630,\"State\":1,\"RuntimeCreated\":true},{\"ObjectNameId\":\"6a465a68-2a42-45c7-a9a3-ecd313bee6ea\",\"ItemId\":630,\"State\":1,\"RuntimeCreated\":true},{\"ObjectNameId\":\"e5403729-0f40-497b-874a-c1e9dda12ecf\",\"ItemId\":630,\"State\":1,\"RuntimeCreated\":true},{\"ObjectNameId\":\"435ff4a3-8cbb-4447-9f12-23cb28444d60\",\"ItemId\":630,\"State\":1,\"RuntimeCreated\":true},{\"ObjectNameId\":\"0c1bc1ae-46dd-4f2d-afe9-4b3f50b369ef\",\"ItemId\":630,\"State\":1,\"RuntimeCreated\":true},{\"ObjectNameId\":\"17a761e1-7f1b-4bf2-a2de-a2344adc36f1\",\"ItemId\":630,\"State\":1,\"RuntimeCreated\":true},{\"ObjectNameId\":\"a5db0d8f-e2aa-4c99-abd3-5d062ea64db7\",\"ItemId\":630,\"State\":1,\"RuntimeCreated\":true},{\"ObjectNameId\":\"229796c9-7988-4c35-9465-a7a077844ef4\",\"ItemId\":630,\"State\":1,\"RuntimeCreated\":true},{\"ObjectNameId\":\"078fbc14-f3b2-4ecf-92fc-1ea183e006f6\",\"ItemId\":630,\"State\":1,\"RuntimeCreated\":true},{\"ObjectNameId\":\"fc854abb-bdab-466b-a7ec-68677edd45fb\",\"ItemId\":630,\"Position\":{\"x\":-623.593567,\"y\":89.45637,\"z\":745.449951},\"Rotation\":{\"x\":31.9115219,\"y\":129.113663,\"z\":85.3554153},\"RuntimeCreated\":true}]}"}}