{"Version":"0.0.0","Data":{"FreeFormFreeLinksManager":"{\"_supportingStructuresData\":[{\"Structure\":{\"_typeId\":3,\"_instanceId\":23},\"List\":[{\"_typeId\":41,\"_instanceId\":2},{\"_typeId\":41,\"_instanceId\":4},{\"_typeId\":41,\"_instanceId\":5}]},{\"Structure\":{\"_typeId\":3,\"_instanceId\":39},\"List\":[{\"_typeId\":41,\"_instanceId\":2}]},{\"Structure\":{\"_typeId\":3,\"_instanceId\":26},\"List\":[{\"_typeId\":41,\"_instanceId\":4}]},{\"Structure\":{\"_typeId\":3,\"_instanceId\":20},\"List\":[{\"_typeId\":41,\"_instanceId\":5}]},{\"Structure\":{\"_typeId\":3,\"_instanceId\":29},\"List\":[{\"_typeId\":41,\"_instanceId\":10}]},{\"Structure\":{\"_typeId\":3,\"_instanceId\":18},\"List\":[{\"_typeId\":41,\"_instanceId\":10},{\"_typeId\":41,\"_instanceId\":11},{\"_typeId\":41,\"_instanceId\":12}]},{\"Structure\":{\"_typeId\":3,\"_instanceId\":43},\"List\":[{\"_typeId\":41,\"_instanceId\":11},{\"_typeId\":41,\"_instanceId\":12}]}],\"_supportedByStructuresData\":[{\"Structure\":{\"_typeId\":41,\"_instanceId\":2},\"List\":[{\"_typeId\":3,\"_instanceId\":23},{\"_typeId\":3,\"_instanceId\":39}]},{\"Structure\":{\"_typeId\":41,\"_instanceId\":4},\"List\":[{\"_typeId\":3,\"_instanceId\":26},{\"_typeId\":3,\"_instanceId\":23}]},{\"Structure\":{\"_typeId\":41,\"_instanceId\":5},\"List\":[{\"_typeId\":3,\"_instanceId\":23},{\"_typeId\":3,\"_instanceId\":20}]},{\"Structure\":{\"_typeId\":41,\"_instanceId\":10},\"List\":[{\"_typeId\":3,\"_instanceId\":29},{\"_typeId\":3,\"_instanceId\":18}]},{\"Structure\":{\"_typeId\":41,\"_instanceId\":11},\"List\":[{\"_typeId\":3,\"_instanceId\":43},{\"_typeId\":3,\"_instanceId\":18}]},{\"Structure\":{\"_typeId\":41,\"_instanceId\":12},\"List\":[{\"_typeId\":3,\"_instanceId\":43},{\"_typeId\":3,\"_instanceId\":18}]}]}"}}