{"Version":"0.0.0","Data":{"GameState":"{\"Version\":\"0.0.0\",\"SaveTime\":\"2023-07-22T10:56:23.5201522+02:00\",\"GameType\":\"Normal\",\"GameId\":\"c4ba6cd7-b94e-4d4b-96ac-7cb7ab97f44b\",\"GameDays\":16,\"GameHours\":17,\"GameMinutes\":25,\"GameSeconds\":18,\"GameMilliseconds\":422,\"IsVirginiaDead\":true,\"CrashSite\":\"ocean\",\"NamedIntDatas\":[{\"SaveObjectNameId\":\"None\"},{\"SaveObjectNameId\":\"LuxuryBunker.EntranceDoor\"},{\"SaveObjectNameId\":\"LuxuryBunker.HellDoorCaveEntrance\"},{\"SaveObjectNameId\":\"HangingTacticalGpsPickedUp\"},{\"SaveObjectNameId\":\"BuriedTacticalGpsPickedUp\"},{\"SaveObjectNameId\":\"RaftTacticalGpsPickeUp\"},{\"SaveObjectNameId\":\"BunkerFoodAndDining.PufftonBossSpawn\"},{\"SaveObjectNameId\":\"BunkerA.EntranceHatch\"},{\"SaveObjectNameId\":\"BunkerB.EntranceHatch\"},{\"SaveObjectNameId\":\"BunkerC.EntranceHatch\"},{\"SaveObjectNameId\":\"EntertainmentBunker.ExitDoor\"},{\"SaveObjectNameId\":\"EntertainmentBunker.EntranceDoor\"},{\"SaveObjectNameId\":\"EntertainmentBunker.ComputerRoomDoor\"},{\"SaveObjectNameId\":\"CaveB.Sluggy\",\"SaveValue\":1},{\"SaveObjectNameId\":\"HangingTactical\",\"SaveValue\":1},{\"SaveObjectNameId\":\"HangingTacticalCutDown\",\"SaveValue\":1}]}"}}