{"Version":"0.0.0","Data":{"GameState":"{\"Version\":\"0.0.0\",\"SaveTime\":\"2023-08-16T18:23:49.7196620+02:00\",\"GameType\":\"Normal\",\"GameId\":\"c4ba6cd7-b94e-4d4b-96ac-7cb7ab97f44b\",\"GameDays\":55,\"GameHours\":21,\"GameMinutes\":50,\"GameSeconds\":19,\"GameMilliseconds\":200,\"CrashSite\":\"ocean\",\"NamedIntDatas\":[{\"SaveObjectNameId\":\"None\"},{\"SaveObjectNameId\":\"LuxuryBunker.EntranceDoor\"},{\"SaveObjectNameId\":\"LuxuryBunker.HellDoorCaveEntrance\"},{\"SaveObjectNameId\":\"HangingTacticalGpsPickedUp\"},{\"SaveObjectNameId\":\"BuriedTacticalGpsPickedUp\"},{\"SaveObjectNameId\":\"RaftTacticalGpsPickeUp\"},{\"SaveObjectNameId\":\"BunkerFoodAndDining.PufftonBossSpawn\",\"SaveValue\":1},{\"SaveObjectNameId\":\"BunkerA.EntranceHatch\",\"SaveValue\":3},{\"SaveObjectNameId\":\"BunkerB.EntranceHatch\"},{\"SaveObjectNameId\":\"BunkerC.EntranceHatch\"},{\"SaveObjectNameId\":\"EntertainmentBunker.ExitDoor\",\"SaveValue\":3},{\"SaveObjectNameId\":\"EntertainmentBunker.EntranceDoor\",\"SaveValue\":3},{\"SaveObjectNameId\":\"EntertainmentBunker.ComputerRoomDoor\",\"SaveValue\":3},{\"SaveObjectNameId\":\"CaveB.Sluggy\",\"SaveValue\":1},{\"SaveObjectNameId\":\"HangingTactical\",\"SaveValue\":1},{\"SaveObjectNameId\":\"HangingTacticalCutDown\",\"SaveValue\":1},{\"SaveObjectNameId\":\"CaveC.Sluggy\",\"SaveValue\":3},{\"SaveObjectNameId\":\"BunkerFoodAndDining.EntranceHatch\",\"SaveValue\":3},{\"SaveObjectNameId\":\"BunkerFoodAndDining.DiningDoor\",\"SaveValue\":3},{\"SaveObjectNameId\":\"BunkerFoodAndDining.EntranceDoor\",\"SaveValue\":3},{\"SaveObjectNameId\":\"BunkerResidential.ExitDoor\"},{\"SaveObjectNameId\":\"BunkerResidential.EntranceDoor\"}]}"}}