{"Version":"0.0.0","Data":{"ScrewStructureNodeInstances":"{\"_structures\":[{\"Id\":57,\"Pos\":{\"x\":-1626.65527,\"y\":15.6354275,\"z\":433.0993},\"Rot\":{\"x\":0.005169682,\"y\":-0.955617964,\"z\":-0.0594349019,\"w\":0.288504928},\"Added\":7},{\"Id\":25,\"Pos\":{\"x\":-620.6891,\"y\":324.0793,\"z\":-566.905151},\"Rot\":{\"x\":0.004826525,\"y\":-0.940808654,\"z\":-0.0117068756,\"w\":-0.338701636},\"Added\":11},{\"Id\":63,\"Pos\":{\"x\":-1632.647,\"y\":14.71069,\"z\":450.622375},\"Rot\":{\"y\":-0.9019963,\"w\":0.431743741}}]}"}}