{"Version":"0.0.0","Data":{"ScrewStructureInstances":"{\"_structures\":[{\"Id\":53,\"Pos\":{\"x\":-1117.96387,\"y\":37.99193,\"z\":1630.32263},\"Rot\":{\"x\":-0.365999341,\"y\":0.0697636,\"z\":0.0275266878,\"w\":0.9275882},\"Storages\":[]},{\"Id\":61,\"Pos\":{\"x\":-1117.99048,\"y\":38.56372,\"z\":1628.24963},\"Rot\":{\"x\":0.02821348,\"y\":0.910788238,\"z\":0.407042354,\"w\":-0.063129805},\"Storages\":[{\"Version\":\"0.0.0\",\"ItemBlocks\":[{\"ItemId\":650,\"TotalCount\":1,\"UniqueItems\":[]}]}]},{\"Id\":61,\"Pos\":{\"x\":-1123.91748,\"y\":39.6793175,\"z\":1627.757},\"Rot\":{\"x\":-2.98016278E-08,\"y\":-1.180112E-06,\"z\":-3.516926E-14,\"w\":1.0},\"Storages\":[{\"Version\":\"0.0.0\",\"ItemBlocks\":[{\"ItemId\":650,\"TotalCount\":1,\"UniqueItems\":[]}]}]},{\"Id\":47,\"Pos\":{\"x\":-1613.34,\"y\":18.1735325,\"z\":434.569977},\"Rot\":{\"x\":0.057936985,\"y\":-0.129445538,\"z\":-0.08526687,\"w\":-0.9862134},\"Storages\":[]},{\"Id\":53,\"Pos\":{\"x\":-1614.0304,\"y\":19.8208332,\"z\":431.232056},\"Rot\":{\"x\":-0.104726844,\"y\":-0.359749079,\"z\":-0.04067472,\"w\":0.9262605},\"Storages\":[]},{\"Id\":53,\"Pos\":{\"x\":-1611.5238,\"y\":20.576,\"z\":436.0922},\"Rot\":{\"x\":0.277778834,\"y\":-0.4180136,\"z\":0.135937676,\"w\":0.854180634},\"Storages\":[]},{\"Id\":61,\"Pos\":{\"x\":-1612.461,\"y\":20.82666,\"z\":432.7569},\"Rot\":{\"x\":0.021009082,\"y\":-0.4820961,\"z\":0.0115648685,\"w\":0.87579006},\"Storages\":[{\"Version\":\"0.0.0\",\"ItemBlocks\":[{\"ItemId\":482,\"TotalCount\":1,\"UniqueItems\":[{\"Modules\":[{\"SourceActorType\":12,\"Version\":\"0.0.0\",\"ModuleId\":1},{\"CurrentState\":3,\"TimeRemainingInState\":-1284.57031,\"Version\":\"0.0.0\",\"ModuleId\":3}]}]}]}]},{\"Id\":56,\"Pos\":{\"x\":-1620.35059,\"y\":15.5182533,\"z\":429.01413},\"Rot\":{\"x\":-0.02168553,\"y\":-0.130092978,\"z\":-0.0153290462,\"w\":-0.9911461},\"Storages\":[]},{\"Id\":32,\"Pos\":{\"x\":-1621.3573,\"y\":15.4551792,\"z\":431.071655},\"Rot\":{\"x\":0.0288681425,\"y\":0.9322593,\"z\":0.0235823989,\"w\":-0.359865516},\"Storages\":[{\"Version\":\"0.0.0\",\"ItemBlocks\":[{\"ItemId\":405,\"TotalCount\":49,\"UniqueItems\":[]}]}]},{\"Id\":40,\"Pos\":{\"x\":-1622.61023,\"y\":15.6231318,\"z\":430.27063},\"Rot\":{\"x\":-0.0599438846,\"y\":-0.875471056,\"z\":-0.0590866953,\"w\":0.475884438},\"Storages\":[]},{\"Id\":47,\"Pos\":{\"x\":1819.03088,\"y\":16.41116,\"z\":1496.1427},\"Rot\":{\"y\":0.459896982,\"w\":0.8879723},\"Storages\":[]},{\"Id\":47,\"Pos\":{\"x\":-409.746521,\"y\":16.1907,\"z\":1394.4917},\"Rot\":{\"x\":-0.08666116,\"y\":-0.8847082,\"z\":0.13128975,\"w\":-0.4387987},\"Storages\":[]},{\"Id\":55,\"Pos\":{\"x\":-1246.55627,\"y\":149.538055,\"z\":-311.64386},\"Rot\":{\"x\":-0.0734401,\"y\":0.8179651,\"z\":0.107193656,\"w\":0.560401},\"Storages\":[]},{\"Id\":55,\"Pos\":{\"x\":-1245.8927,\"y\":149.0142,\"z\":-310.5446},\"Rot\":{\"x\":0.01587655,\"y\":0.3846516,\"z\":-0.00661711,\"w\":0.9229016},\"Storages\":[]},{\"Id\":55,\"Pos\":{\"x\":-1266.596,\"y\":131.935516,\"z\":-198.635223},\"Rot\":{\"x\":0.08689967,\"y\":-0.113966927,\"z\":0.0100075053,\"w\":0.9896261},\"Storages\":[]},{\"Id\":55,\"Pos\":{\"x\":-1617.18018,\"y\":24.7488251,\"z\":438.263672},\"Rot\":{\"x\":-0.0660635,\"y\":0.9105239,\"z\":0.160248384,\"w\":0.3753697},\"Storages\":[]},{\"Id\":29,\"Pos\":{\"x\":-617.438965,\"y\":320.0705,\"z\":-555.839966},\"Rot\":{\"x\":-0.0286199134,\"y\":-0.9486953,\"z\":-0.0440045372,\"w\":-0.311803967},\"Storages\":[{\"Version\":\"0.0.0\",\"ItemBlocks\":[]}]},{\"Id\":55,\"Pos\":{\"x\":-650.182861,\"y\":299.825226,\"z\":-622.110962},\"Rot\":{\"x\":-0.0645668656,\"y\":0.9219882,\"z\":-0.17559287,\"w\":-0.339022279},\"Storages\":[]},{\"Id\":37,\"Pos\":{\"x\":-614.5973,\"y\":318.7862,\"z\":-573.0872},\"Rot\":{\"x\":-0.0786054358,\"y\":-0.464353949,\"z\":-0.02437616,\"w\":0.8818177},\"Storages\":[{\"Version\":\"0.0.0\",\"ItemBlocks\":[{\"ItemId\":78,\"TotalCount\":1,\"UniqueItems\":[]}]}]},{\"Id\":37,\"Pos\":{\"x\":-612.8967,\"y\":319.329071,\"z\":-570.312866},\"Rot\":{\"x\":0.0318305381,\"y\":-0.850743949,\"z\":-0.0158784259,\"w\":-0.5243753},\"Storages\":[{\"Version\":\"0.0.0\",\"ItemBlocks\":[{\"ItemId\":78,\"TotalCount\":3,\"UniqueItems\":[]}]}]},{\"Id\":22,\"Pos\":{\"x\":-621.2156,\"y\":321.394531,\"z\":-568.0864},\"Rot\":{\"x\":-0.00444488041,\"y\":0.929390967,\"z\":0.0118527319,\"w\":0.368879735},\"Storages\":[]},{\"Id\":24,\"Pos\":{\"x\":-618.256653,\"y\":323.86792,\"z\":-565.161},\"Rot\":{\"y\":0.9202449,\"w\":0.3913431},\"Storages\":[]},{\"Id\":51,\"Pos\":{\"x\":-621.4879,\"y\":322.85376,\"z\":-568.253845},\"Rot\":{\"x\":0.0284770038,\"y\":0.403631717,\"z\":-0.0125703448,\"w\":0.9143919},\"Storages\":[{\"Version\":\"0.0.0\",\"ItemBlocks\":[{\"ItemId\":502,\"TotalCount\":5,\"UniqueItems\":[]}]},{\"Version\":\"0.0.0\",\"ItemBlocks\":[{\"ItemId\":496,\"TotalCount\":9,\"UniqueItems\":[]}]},{\"Version\":\"0.0.0\",\"ItemBlocks\":[{\"ItemId\":410,\"TotalCount\":9,\"UniqueItems\":[]}]},{\"Version\":\"0.0.0\",\"ItemBlocks\":[{\"ItemId\":527,\"TotalCount\":4,\"UniqueItems\":[]}]}]},{\"Id\":20,\"Pos\":{\"x\":-619.9426,\"y\":324.104248,\"z\":-567.5572},\"Rot\":{\"x\":0.011785469,\"y\":-0.35428977,\"z\":0.004631304,\"w\":0.93505},\"Storages\":[]},{\"Id\":61,\"Pos\":{\"x\":-1624.783,\"y\":17.6254044,\"z\":429.398743},\"Rot\":{\"x\":-5.002123E-13,\"y\":1.0,\"z\":5.963981E-08,\"w\":8.387221E-06},\"Storages\":[{\"Version\":\"0.0.0\",\"ItemBlocks\":[{\"ItemId\":648,\"TotalCount\":1,\"UniqueItems\":[]}]}]},{\"Id\":61,\"Pos\":{\"x\":-1622.92383,\"y\":18.1216679,\"z\":427.729858},\"Rot\":{\"x\":1.49012021E-08,\"y\":-0.70710665,\"z\":1.49011967E-08,\"w\":0.7071069},\"Storages\":[{\"Version\":\"0.0.0\",\"ItemBlocks\":[{\"ItemId\":643,\"TotalCount\":1,\"UniqueItems\":[]}]}]},{\"Id\":61,\"Pos\":{\"x\":-1627.10156,\"y\":18.1385117,\"z\":430.7352},\"Rot\":{\"x\":-4.171877E-13,\"y\":1.0,\"z\":5.962911E-08,\"w\":6.996376E-06},\"Storages\":[{\"Version\":\"0.0.0\",\"ItemBlocks\":[{\"ItemId\":644,\"TotalCount\":1,\"UniqueItems\":[]}]}]},{\"Id\":21,\"Pos\":{\"x\":-1625.213,\"y\":14.8506641,\"z\":449.8943},\"Rot\":{\"x\":-0.0140786152,\"y\":0.9848633,\"z\":0.009618384,\"w\":-0.172492638},\"Storages\":[]},{\"Id\":21,\"Pos\":{\"x\":-1631.35413,\"y\":14.7471361,\"z\":449.623627},\"Rot\":{\"x\":0.006124974,\"y\":0.8571509,\"z\":0.0102058193,\"w\":0.514927864},\"Storages\":[]},{\"Id\":21,\"Pos\":{\"x\":-1630.60864,\"y\":14.739584,\"z\":450.395142},\"Rot\":{\"x\":-0.0104644233,\"y\":0.857147753,\"z\":0.006286435,\"w\":0.514926},\"Storages\":[]},{\"Id\":45,\"Pos\":{\"x\":-1629.94763,\"y\":14.7663565,\"z\":449.719147},\"Rot\":{\"x\":-0.004335305,\"y\":0.857087,\"z\":0.016489841,\"w\":0.514889538},\"Storages\":[]},{\"Id\":45,\"Pos\":{\"x\":-1630.14514,\"y\":14.78195,\"z\":449.039673},\"Rot\":{\"x\":0.00163630955,\"y\":0.8569109,\"z\":0.0264355633,\"w\":0.5147837},\"Storages\":[]}]}"}}