{"Version":"0.0.0","Data":{"ScrewStructureNodeInstances":"{\"_structures\":[{\"Id\":25,\"Pos\":{\"x\":-620.6891,\"y\":324.0793,\"z\":-566.905151},\"Rot\":{\"x\":0.004826525,\"y\":-0.940808654,\"z\":-0.0117068756,\"w\":-0.338701636},\"Added\":11},{\"Id\":21,\"Pos\":{\"x\":-1621.63647,\"y\":14.8358078,\"z\":460.7531},\"Rot\":{\"x\":-0.000663,\"y\":0.0543067679,\"z\":0.0121894963,\"w\":0.9984497},\"Added\":6},{\"Id\":47,\"Pos\":{\"x\":-618.3092,\"y\":320.094421,\"z\":-558.177856},\"Rot\":{\"x\":-0.06541111,\"y\":0.7532975,\"z\":-0.05545527,\"w\":0.652065158},\"Added\":19}]}"}}