{"Version":"0.0.0","Data":{"ScrewStructureNodeInstances":"{\"_structures\":[{\"Id\":53,\"Pos\":{\"x\":-442.8204,\"y\":78.8751144,\"z\":713.1282},\"Rot\":{\"y\":1.0}},{\"Id\":53,\"Pos\":{\"x\":-1595.28638,\"y\":52.33427,\"z\":431.3997},\"Rot\":{\"x\":-4.18167474E-06,\"y\":0.4883521,\"z\":2.34015624E-06,\"w\":0.872646749},\"Added\":1},{\"Id\":53,\"Pos\":{\"x\":-1592.39771,\"y\":33.48905,\"z\":425.351044},\"Rot\":{\"x\":-4.09611431E-07,\"y\":0.8750525,\"z\":-7.40518033E-07,\"w\":-0.484028},\"Added\":1},{\"Id\":53,\"Pos\":{\"x\":-1595.32568,\"y\":36.13674,\"z\":431.440674},\"Rot\":{\"x\":-3.96898167E-06,\"y\":0.488138765,\"z\":2.21985488E-06,\"w\":0.872766},\"Added\":1},{\"Id\":45,\"Pos\":{\"x\":-1592.43237,\"y\":28.1271458,\"z\":417.116882},\"Rot\":{\"x\":0.04826094,\"y\":-0.205537617,\"z\":0.00234035775,\"w\":0.977455735},\"Added\":3},{\"Id\":60,\"Pos\":{\"x\":-1613.3,\"y\":18.2335186,\"z\":444.64035},\"Rot\":{\"y\":0.5530712,\"w\":-0.833134},\"Added\":1}]}"}}