{"Version":"0.0.0","Data":{"FreeFormFreeLinksManager":"{\"_supportingStructuresData\":[{\"Structure\":{\"_typeId\":3,\"_instanceId\":18},\"List\":[{\"_typeId\":41,\"_instanceId\":1},{\"_typeId\":41,\"_instanceId\":5}]},{\"Structure\":{\"_typeId\":3,\"_instanceId\":43},\"List\":[{\"_typeId\":41,\"_instanceId\":1},{\"_typeId\":41,\"_instanceId\":5}]},{\"Structure\":{\"_typeId\":3,\"_instanceId\":13},\"List\":[{\"_typeId\":41,\"_instanceId\":7},{\"_typeId\":41,\"_instanceId\":10}]},{\"Structure\":{\"_typeId\":2,\"_instanceId\":15},\"List\":[{\"_typeId\":41,\"_instanceId\":7},{\"_typeId\":41,\"_instanceId\":10}]},{\"Structure\":{\"_typeId\":3,\"_instanceId\":11},\"List\":[{\"_typeId\":41,\"_instanceId\":9}]},{\"Structure\":{\"_typeId\":2,\"_instanceId\":18},\"List\":[{\"_typeId\":41,\"_instanceId\":9}]}],\"_supportedByStructuresData\":[{\"Structure\":{\"_typeId\":41,\"_instanceId\":1},\"List\":[{\"_typeId\":3,\"_instanceId\":43},{\"_typeId\":3,\"_instanceId\":18}]},{\"Structure\":{\"_typeId\":41,\"_instanceId\":5},\"List\":[{\"_typeId\":3,\"_instanceId\":43},{\"_typeId\":3,\"_instanceId\":18}]},{\"Structure\":{\"_typeId\":41,\"_instanceId\":7},\"List\":[{\"_typeId\":3,\"_instanceId\":13},{\"_typeId\":2,\"_instanceId\":15}]},{\"Structure\":{\"_typeId\":41,\"_instanceId\":9},\"List\":[{\"_typeId\":3,\"_instanceId\":11},{\"_typeId\":2,\"_instanceId\":18}]},{\"Structure\":{\"_typeId\":41,\"_instanceId\":10},\"List\":[{\"_typeId\":3,\"_instanceId\":13},{\"_typeId\":2,\"_instanceId\":15}]}]}"}}