{"Version":"0.0.0","Data":{"StructureDestruction":"{\"Version\":\"0.0.0\",\"Data\":[{\"TypeID\":2,\"InstanceID\":1,\"Info\":{\"Health\":35.0,\"MaxHealth\":99.0,\"ElementCount\":1,\"MaxElements\":1,\"BreakCount\":0.75,\"CanBreakTopElement\":true}},{\"TypeID\":21,\"InstanceID\":1,\"Info\":{\"Health\":1067.0,\"MaxHealth\":1584.0,\"ElementCount\":3,\"MaxElements\":2,\"BreakCount\":1.5,\"CanBreakTopElement\":true}},{\"TypeID\":9,\"InstanceID\":5,\"Info\":{\"Health\":294.0,\"MaxHealth\":300.0,\"ElementCount\":5,\"MaxElements\":5,\"BreakCount\":3.75,\"CanBreakTopElement\":true}},{\"TypeID\":9,\"InstanceID\":2,\"Info\":{\"Health\":210.0,\"MaxHealth\":300.0,\"ElementCount\":5,\"MaxElements\":5,\"BreakCount\":3.75,\"CanBreakTopElement\":true}},{\"TypeID\":9,\"InstanceID\":3,\"Info\":{\"Health\":240.0,\"MaxHealth\":300.0,\"ElementCount\":5,\"MaxElements\":5,\"BreakCount\":3.75,\"CanBreakTopElement\":true}},{\"TypeID\":9,\"InstanceID\":8,\"Info\":{\"Health\":108.0,\"MaxHealth\":300.0,\"ElementCount\":2,\"MaxElements\":5,\"BreakCount\":3.75}},{\"TypeID\":25,\"InstanceID\":3,\"Info\":{\"Health\":36.0,\"MaxHealth\":60.0,\"ElementCount\":1,\"MaxElements\":1,\"BreakCount\":0.75,\"CanBreakTopElement\":true}},{\"TypeID\":25,\"InstanceID\":2,\"Info\":{\"Health\":72.0,\"MaxHealth\":60.0,\"ElementCount\":2,\"MaxElements\":1,\"BreakCount\":0.75,\"CanBreakTopElement\":true}},{\"TypeID\":25,\"InstanceID\":7,\"Info\":{\"Health\":30.0,\"MaxHealth\":60.0,\"ElementCount\":1,\"MaxElements\":1,\"BreakCount\":0.75,\"CanBreakTopElement\":true}},{\"TypeID\":2,\"InstanceID\":5,\"Info\":{\"Health\":126.0,\"MaxHealth\":138.0,\"ElementCount\":1,\"MaxElements\":1,\"BreakCount\":0.75,\"CanBreakTopElement\":true}},{\"TypeID\":9,\"InstanceID\":21,\"Info\":{\"Health\":705.0,\"MaxHealth\":1200.0,\"ElementCount\":2,\"MaxElements\":5,\"BreakCount\":3.75}},{\"TypeID\":9,\"InstanceID\":46,\"Info\":{\"Health\":208.75,\"MaxHealth\":1200.0,\"ElementCount\":1,\"MaxElements\":5,\"BreakCount\":3.75}},{\"TypeID\":25,\"InstanceID\":9,\"Info\":{\"Health\":40.0,\"MaxHealth\":60.0,\"ElementCount\":2,\"MaxElements\":1,\"BreakCount\":0.75,\"CanBreakTopElement\":true}},{\"TypeID\":32,\"InstanceID\":20,\"Info\":{\"Health\":570.0,\"MaxHealth\":60.0,\"ElementCount\":10,\"MaxElements\":1,\"BreakCount\":0.75,\"CanBreakTopElement\":true}},{\"TypeID\":4,\"InstanceID\":2,\"Info\":{\"Health\":296.5,\"MaxHealth\":300.0,\"ElementCount\":5,\"MaxElements\":5,\"BreakCount\":3.75,\"CanBreakTopElement\":true}},{\"TypeID\":4,\"InstanceID\":1,\"Info\":{\"Health\":270.0,\"MaxHealth\":300.0,\"ElementCount\":5,\"MaxElements\":5,\"BreakCount\":3.75,\"CanBreakTopElement\":true}},{\"TypeID\":3,\"InstanceID\":49,\"Info\":{\"Health\":75.0,\"MaxHealth\":105.0,\"ElementCount\":1,\"MaxElements\":1,\"BreakCount\":0.75,\"CanBreakTopElement\":true}},{\"TypeID\":4,\"InstanceID\":3,\"Info\":{\"Health\":293.0,\"MaxHealth\":300.0,\"ElementCount\":5,\"MaxElements\":5,\"BreakCount\":3.75,\"CanBreakTopElement\":true}},{\"TypeID\":2,\"InstanceID\":31,\"Info\":{\"Health\":330.249969,\"MaxHealth\":362.249969,\"ElementCount\":1,\"MaxElements\":1,\"BreakCount\":0.75,\"CanBreakTopElement\":true}},{\"TypeID\":2,\"InstanceID\":39,\"Info\":{\"Health\":75.0,\"MaxHealth\":99.0,\"ElementCount\":1,\"MaxElements\":1,\"BreakCount\":0.75,\"CanBreakTopElement\":true}},{\"TypeID\":32,\"InstanceID\":19,\"Info\":{\"Health\":300.0,\"MaxHealth\":60.0,\"ElementCount\":1,\"MaxElements\":1,\"BreakCount\":0.75,\"CanBreakTopElement\":true}},{\"TypeID\":2,\"InstanceID\":32,\"Info\":{\"Health\":190.256226,\"MaxHealth\":293.756226,\"ElementCount\":1,\"MaxElements\":1,\"BreakCount\":0.75,\"CanBreakTopElement\":true}},{\"TypeID\":3,\"InstanceID\":20,\"Info\":{\"Health\":25.0,\"MaxHealth\":60.0,\"ElementCount\":1,\"MaxElements\":1,\"BreakCount\":0.75,\"CanBreakTopElement\":true}},{\"TypeID\":3,\"InstanceID\":23,\"Info\":{\"Health\":25.0,\"MaxHealth\":60.0,\"ElementCount\":1,\"MaxElements\":1,\"BreakCount\":0.75,\"CanBreakTopElement\":true}},{\"TypeID\":4,\"InstanceID\":4,\"Info\":{\"Health\":280.0,\"MaxHealth\":300.0,\"ElementCount\":5,\"MaxElements\":5,\"BreakCount\":3.75,\"CanBreakTopElement\":true}},{\"TypeID\":2,\"InstanceID\":35,\"Info\":{\"Health\":381.0406,\"MaxHealth\":443.5406,\"ElementCount\":1,\"MaxElements\":1,\"BreakCount\":0.75,\"CanBreakTopElement\":true}},{\"TypeID\":2,\"InstanceID\":43,\"Info\":{\"Health\":42.25,\"MaxHealth\":167.25,\"ElementCount\":1,\"MaxElements\":1,\"BreakCount\":0.75,\"CanBreakTopElement\":true}},{\"TypeID\":3,\"InstanceID\":22,\"Info\":{\"Health\":129.5625,\"MaxHealth\":204.5625,\"ElementCount\":1,\"MaxElements\":1,\"BreakCount\":0.75,\"CanBreakTopElement\":true}},{\"TypeID\":2,\"InstanceID\":24,\"Info\":{\"Health\":595.5687,\"MaxHealth\":710.5687,\"ElementCount\":1,\"MaxElements\":1,\"BreakCount\":0.75,\"CanBreakTopElement\":true}},{\"TypeID\":2,\"InstanceID\":42,\"Info\":{\"Health\":224.749969,\"MaxHealth\":264.749969,\"ElementCount\":1,\"MaxElements\":1,\"BreakCount\":0.75,\"CanBreakTopElement\":true}},{\"TypeID\":9,\"InstanceID\":7,\"Info\":{\"Health\":1020.0,\"MaxHealth\":1200.0,\"ElementCount\":5,\"MaxElements\":5,\"BreakCount\":3.75,\"CanBreakTopElement\":true}},{\"TypeID\":9,\"InstanceID\":22,\"Info\":{\"Health\":1102.5,\"MaxHealth\":1200.0,\"ElementCount\":5,\"MaxElements\":5,\"BreakCount\":3.75,\"CanBreakTopElement\":true}},{\"TypeID\":9,\"InstanceID\":13,\"Info\":{\"Health\":1125.0,\"MaxHealth\":1200.0,\"ElementCount\":5,\"MaxElements\":5,\"BreakCount\":3.75,\"CanBreakTopElement\":true}},{\"TypeID\":9,\"InstanceID\":12,\"Info\":{\"Health\":1155.0,\"MaxHealth\":1200.0,\"ElementCount\":5,\"MaxElements\":5,\"BreakCount\":3.75,\"CanBreakTopElement\":true}},{\"TypeID\":9,\"InstanceID\":15,\"Info\":{\"Health\":660.0,\"MaxHealth\":1200.0,\"ElementCount\":3,\"MaxElements\":5,\"BreakCount\":3.75}},{\"TypeID\":5,\"InstanceID\":13,\"Info\":{\"Health\":325.0,\"MaxHealth\":540.0,\"ElementCount\":6,\"MaxElements\":9,\"BreakCount\":6.75}},{\"TypeID\":9,\"InstanceID\":25,\"Info\":{\"Health\":1132.5,\"MaxHealth\":1200.0,\"ElementCount\":5,\"MaxElements\":5,\"BreakCount\":3.75,\"CanBreakTopElement\":true}},{\"TypeID\":9,\"InstanceID\":38,\"Info\":{\"Health\":1137.5,\"MaxHealth\":1200.0,\"ElementCount\":5,\"MaxElements\":5,\"BreakCount\":3.75,\"CanBreakTopElement\":true}},{\"TypeID\":5,\"InstanceID\":16,\"Info\":{\"Health\":477.5,\"MaxHealth\":540.0,\"ElementCount\":8,\"MaxElements\":9,\"BreakCount\":6.75,\"CanBreakTopElement\":true}},{\"TypeID\":1,\"InstanceID\":22,\"Info\":{\"Health\":98.2499847,\"MaxHealth\":128.249985,\"ElementCount\":1,\"MaxElements\":1,\"BreakCount\":0.75,\"CanBreakTopElement\":true}},{\"TypeID\":2,\"InstanceID\":79,\"Info\":{\"Health\":357.590576,\"MaxHealth\":363.590576,\"ElementCount\":1,\"MaxElements\":1,\"BreakCount\":0.75,\"CanBreakTopElement\":true}},{\"TypeID\":33,\"InstanceID\":9,\"Info\":{\"Health\":220.0,\"MaxHealth\":60.0,\"ElementCount\":4,\"MaxElements\":1,\"BreakCount\":0.75,\"CanBreakTopElement\":true}},{\"TypeID\":32,\"InstanceID\":8,\"Info\":{\"Health\":270.0,\"MaxHealth\":60.0,\"ElementCount\":7,\"MaxElements\":1,\"BreakCount\":0.75,\"CanBreakTopElement\":true}},{\"TypeID\":3,\"InstanceID\":90,\"Info\":{\"Health\":265.499969,\"MaxHealth\":325.499969,\"ElementCount\":1,\"MaxElements\":1,\"BreakCount\":0.75,\"CanBreakTopElement\":true}},{\"TypeID\":2,\"InstanceID\":57,\"Info\":{\"Health\":78.0,\"MaxHealth\":138.0,\"ElementCount\":1,\"MaxElements\":1,\"BreakCount\":0.75,\"CanBreakTopElement\":true}},{\"TypeID\":2,\"InstanceID\":94,\"Info\":{\"Health\":55.0,\"MaxHealth\":60.0,\"ElementCount\":1,\"MaxElements\":1,\"BreakCount\":0.75,\"CanBreakTopElement\":true}},{\"TypeID\":5,\"InstanceID\":11,\"Info\":{\"Health\":360.0,\"MaxHealth\":420.0,\"ElementCount\":7,\"MaxElements\":7,\"BreakCount\":5.25,\"CanBreakTopElement\":true}},{\"TypeID\":3,\"InstanceID\":67,\"Info\":{\"Health\":30.0,\"MaxHealth\":60.0,\"ElementCount\":1,\"MaxElements\":1,\"BreakCount\":0.75,\"CanBreakTopElement\":true}},{\"TypeID\":8,\"InstanceID\":8,\"Info\":{\"Health\":1487.5,\"MaxHealth\":1522.5,\"ElementCount\":5,\"MaxElements\":5,\"BreakCount\":3.75,\"CanBreakTopElement\":true}},{\"TypeID\":21,\"InstanceID\":7,\"Info\":{\"Health\":1581.5,\"MaxHealth\":1584.0,\"ElementCount\":2,\"MaxElements\":2,\"BreakCount\":1.5,\"CanBreakTopElement\":true}},{\"TypeID\":3,\"InstanceID\":187,\"Info\":{\"Health\":792.462463,\"MaxHealth\":794.962463,\"ElementCount\":1,\"MaxElements\":1,\"BreakCount\":0.75,\"CanBreakTopElement\":true}},{\"TypeID\":9,\"InstanceID\":36,\"Info\":{\"Health\":480.0,\"MaxHealth\":1200.0,\"ElementCount\":2,\"MaxElements\":5,\"BreakCount\":3.75}},{\"TypeID\":9,\"InstanceID\":20,\"Info\":{\"Health\":925.0,\"MaxHealth\":1200.0,\"ElementCount\":2,\"MaxElements\":5,\"BreakCount\":3.75}},{\"TypeID\":33,\"InstanceID\":8,\"Info\":{\"Health\":180.0,\"MaxHealth\":60.0,\"ElementCount\":4,\"MaxElements\":1,\"BreakCount\":0.75,\"CanBreakTopElement\":true}},{\"TypeID\":3,\"InstanceID\":133,\"Info\":{\"Health\":38.0,\"MaxHealth\":60.0,\"ElementCount\":1,\"MaxElements\":1,\"BreakCount\":0.75,\"CanBreakTopElement\":true}},{\"TypeID\":8,\"InstanceID\":26,\"Info\":{\"Health\":660.0,\"MaxHealth\":690.0,\"ElementCount\":5,\"MaxElements\":5,\"BreakCount\":3.75,\"CanBreakTopElement\":true}},{\"TypeID\":3,\"InstanceID\":128,\"Info\":{\"Health\":182.937485,\"MaxHealth\":185.437485,\"ElementCount\":1,\"MaxElements\":1,\"BreakCount\":0.75,\"CanBreakTopElement\":true}},{\"TypeID\":3,\"InstanceID\":117,\"Info\":{\"Health\":30.0,\"MaxHealth\":60.0,\"ElementCount\":1,\"MaxElements\":1,\"BreakCount\":0.75,\"CanBreakTopElement\":true}},{\"TypeID\":9,\"InstanceID\":19,\"Info\":{\"Health\":637.5,\"MaxHealth\":1200.0,\"ElementCount\":3,\"MaxElements\":5,\"BreakCount\":3.75}},{\"TypeID\":8,\"InstanceID\":29,\"Info\":{\"Health\":745.0,\"MaxHealth\":780.0,\"ElementCount\":5,\"MaxElements\":5,\"BreakCount\":3.75,\"CanBreakTopElement\":true}},{\"TypeID\":2,\"InstanceID\":59,\"Info\":{\"Health\":135.6,\"MaxHealth\":138.0,\"ElementCount\":1,\"MaxElements\":1,\"BreakCount\":0.75,\"CanBreakTopElement\":true}},{\"TypeID\":2,\"InstanceID\":17,\"Info\":{\"Health\":152.399979,\"MaxHealth\":176.999985,\"ElementCount\":1,\"MaxElements\":1,\"BreakCount\":0.75,\"CanBreakTopElement\":true}},{\"TypeID\":8,\"InstanceID\":18,\"Info\":{\"Health\":1500.5,\"MaxHealth\":1522.5,\"ElementCount\":5,\"MaxElements\":5,\"BreakCount\":3.75,\"CanBreakTopElement\":true}},{\"TypeID\":4,\"InstanceID\":17,\"Info\":{\"Health\":240.0,\"MaxHealth\":300.0,\"ElementCount\":5,\"MaxElements\":5,\"BreakCount\":3.75,\"CanBreakTopElement\":true}},{\"TypeID\":8,\"InstanceID\":22,\"Info\":{\"Health\":1053.96863,\"MaxHealth\":1207.49988,\"ElementCount\":5,\"MaxElements\":5,\"BreakCount\":3.75,\"CanBreakTopElement\":true}},{\"TypeID\":3,\"InstanceID\":100,\"Info\":{\"Health\":186.5,\"MaxHealth\":208.5,\"ElementCount\":1,\"MaxElements\":1,\"BreakCount\":0.75,\"CanBreakTopElement\":true}},{\"TypeID\":2,\"InstanceID\":52,\"Info\":{\"Health\":185.25,\"MaxHealth\":245.25,\"ElementCount\":1,\"MaxElements\":1,\"BreakCount\":0.75,\"CanBreakTopElement\":true}},{\"TypeID\":3,\"InstanceID\":80,\"Info\":{\"Health\":265.5,\"MaxHealth\":296.25,\"ElementCount\":1,\"MaxElements\":1,\"BreakCount\":0.75,\"CanBreakTopElement\":true}},{\"TypeID\":8,\"InstanceID\":24,\"Info\":{\"Health\":525.0,\"MaxHealth\":780.0,\"ElementCount\":5,\"MaxElements\":5,\"BreakCount\":3.75,\"CanBreakTopElement\":true}},{\"TypeID\":32,\"InstanceID\":27,\"Info\":{\"Health\":360.0,\"MaxHealth\":60.0,\"ElementCount\":12,\"MaxElements\":1,\"BreakCount\":0.75,\"CanBreakTopElement\":true}},{\"TypeID\":3,\"InstanceID\":106,\"Info\":{\"Health\":218.999969,\"MaxHealth\":383.999969,\"ElementCount\":1,\"MaxElements\":1,\"BreakCount\":0.75,\"CanBreakTopElement\":true}},{\"TypeID\":2,\"InstanceID\":56,\"Info\":{\"Health\":57.5,\"MaxHealth\":60.0,\"ElementCount\":1,\"MaxElements\":1,\"BreakCount\":0.75,\"CanBreakTopElement\":true}},{\"TypeID\":3,\"InstanceID\":127,\"Info\":{\"Health\":279.124969,\"MaxHealth\":281.624969,\"ElementCount\":1,\"MaxElements\":1,\"BreakCount\":0.75,\"CanBreakTopElement\":true}},{\"TypeID\":3,\"InstanceID\":141,\"Info\":{\"Health\":30.0,\"MaxHealth\":60.0,\"ElementCount\":1,\"MaxElements\":1,\"BreakCount\":0.75,\"CanBreakTopElement\":true}},{\"TypeID\":2,\"InstanceID\":80,\"Info\":{\"Health\":245.0,\"MaxHealth\":255.0,\"ElementCount\":1,\"MaxElements\":1,\"BreakCount\":0.75,\"CanBreakTopElement\":true}},{\"TypeID\":8,\"InstanceID\":30,\"Info\":{\"Health\":720.0,\"MaxHealth\":780.0,\"ElementCount\":5,\"MaxElements\":5,\"BreakCount\":3.75,\"CanBreakTopElement\":true}},{\"TypeID\":3,\"InstanceID\":230,\"Info\":{\"Health\":1414.19861,\"MaxHealth\":1419.19861,\"ElementCount\":1,\"MaxElements\":1,\"BreakCount\":0.75,\"CanBreakTopElement\":true}},{\"TypeID\":3,\"InstanceID\":159,\"Info\":{\"Health\":2716.12964,\"MaxHealth\":2726.12964,\"ElementCount\":1,\"MaxElements\":1,\"BreakCount\":0.75,\"CanBreakTopElement\":true}},{\"TypeID\":2,\"InstanceID\":103,\"Info\":{\"Health\":1381.52087,\"MaxHealth\":1389.02087,\"ElementCount\":1,\"MaxElements\":1,\"BreakCount\":0.75,\"CanBreakTopElement\":true}},{\"TypeID\":2,\"InstanceID\":102,\"Info\":{\"Health\":3583.2644,\"MaxHealth\":3585.7644,\"ElementCount\":1,\"MaxElements\":1,\"BreakCount\":0.75,\"CanBreakTopElement\":true}},{\"TypeID\":2,\"InstanceID\":172,\"Info\":{\"Health\":5187.245,\"MaxHealth\":5194.745,\"ElementCount\":1,\"MaxElements\":1,\"BreakCount\":0.75,\"CanBreakTopElement\":true}},{\"TypeID\":2,\"InstanceID\":175,\"Info\":{\"Health\":3948.7002,\"MaxHealth\":3956.2002,\"ElementCount\":1,\"MaxElements\":1,\"BreakCount\":0.75,\"CanBreakTopElement\":true}},{\"TypeID\":2,\"InstanceID\":142,\"Info\":{\"Health\":5736.592,\"MaxHealth\":5741.592,\"ElementCount\":1,\"MaxElements\":1,\"BreakCount\":0.75,\"CanBreakTopElement\":true}},{\"TypeID\":9,\"InstanceID\":18,\"Info\":{\"Health\":642.5,\"MaxHealth\":1200.0,\"ElementCount\":5,\"MaxElements\":5,\"BreakCount\":3.75,\"CanBreakTopElement\":true}},{\"TypeID\":9,\"InstanceID\":17,\"Info\":{\"Health\":1106.25,\"MaxHealth\":1200.0,\"ElementCount\":5,\"MaxElements\":5,\"BreakCount\":3.75,\"CanBreakTopElement\":true}},{\"TypeID\":2,\"InstanceID\":22,\"Info\":{\"Health\":36.5,\"MaxHealth\":99.0,\"ElementCount\":1,\"MaxElements\":1,\"BreakCount\":0.75,\"CanBreakTopElement\":true}},{\"TypeID\":33,\"InstanceID\":19,\"Info\":{\"Health\":220.0,\"MaxHealth\":60.0,\"ElementCount\":4,\"MaxElements\":1,\"BreakCount\":0.75,\"CanBreakTopElement\":true}},{\"TypeID\":9,\"InstanceID\":61,\"Info\":{\"Health\":435.0,\"MaxHealth\":1200.0,\"ElementCount\":2,\"MaxElements\":5,\"BreakCount\":3.75}},{\"TypeID\":25,\"InstanceID\":17,\"Info\":{\"Health\":270.0,\"MaxHealth\":60.0,\"ElementCount\":5,\"MaxElements\":1,\"BreakCount\":0.75,\"CanBreakTopElement\":true}}]}"}}