{"Version":"0.0.0","Data":{"WorldItemManager":"{\"Version\":\"0.0.0\",\"WorldItemStates\":[{\"ObjectNameId\":\"World.GolfCart.01\",\"Position\":{\"x\":735.561462,\"y\":92.11,\"z\":1492.85645},\"Rotation\":{\"y\":59.3326035}},{\"ObjectNameId\":\"World.GolfCart.02\",\"Position\":{\"x\":1030.9928,\"y\":83.629,\"z\":1523.309},\"Rotation\":{\"y\":310.235138}},{\"ObjectNameId\":\"World.GolfCart.03\",\"Position\":{\"x\":1582.8606,\"y\":98.373,\"z\":1340.59045},\"Rotation\":{\"y\":146.876465}},{\"ObjectNameId\":\"World.GolfCart.04\",\"Position\":{\"x\":1014.11,\"y\":140.11,\"z\":1223.06},\"Rotation\":{\"y\":146.876465}},{\"ObjectNameId\":\"World.GolfCart.05\",\"Position\":{\"x\":1903.9,\"y\":15.253,\"z\":461.64},\"Rotation\":{\"y\":146.876465}},{\"ObjectNameId\":\"World.GolfCart.06\",\"Position\":{\"x\":1839.567,\"y\":15.09,\"z\":355.608978},\"Rotation\":{\"y\":97.15335}},{\"ObjectNameId\":\"World.GolfCart.07\",\"Position\":{\"x\":1691.495,\"y\":28.776,\"z\":1027.62219},\"Rotation\":{\"y\":97.15335}},{\"ObjectNameId\":\"World.GolfCart.08\",\"Position\":{\"x\":1828.626,\"y\":49.343,\"z\":-484.002},\"Rotation\":{\"y\":97.15335}},{\"ObjectNameId\":\"World.GolfCart.09\",\"Position\":{\"x\":1815.72327,\"y\":49.343,\"z\":-509.155945},\"Rotation\":{\"y\":304.951}},{\"ObjectNameId\":\"World.GolfCart.10\",\"Position\":{\"x\":-1134.227,\"y\":279.003,\"z\":-1106.351},\"Rotation\":{\"y\":16.8130627}},{\"ObjectNameId\":\"World.GolfCart.11\",\"Position\":{\"x\":-596.235657,\"y\":320.2943,\"z\":-565.011},\"Rotation\":{\"x\":13.8949537,\"y\":209.22702,\"z\":2.79591131},\"ItemStateData\":[{\"Power\":1000.0,\"StateDataTypeId\":1,\"Version\":\"0.0.0\"}]},{\"ObjectNameId\":\"World.GolfCart.12\",\"Position\":{\"x\":-1622.37817,\"y\":15.51123,\"z\":455.153748},\"Rotation\":{\"x\":0.0256452523,\"y\":194.09462,\"z\":359.979462},\"ItemStateData\":[{\"Power\":1000.0,\"StateDataTypeId\":1,\"Version\":\"0.0.0\"}]},{\"ObjectNameId\":\"World.GolfCart.13\",\"Position\":{\"x\":1044.47864,\"y\":16.305,\"z\":1825.028},\"Rotation\":{\"x\":7.10553932}},{\"ObjectNameId\":\"World.HangGlider.01\",\"ItemId\":626,\"Position\":{\"x\":-504.4314,\"y\":322.9,\"z\":-307.391937},\"Rotation\":{\"x\":347.33783,\"y\":304.745667,\"z\":6.05460072}},{\"ObjectNameId\":\"World.HangGlider.02\",\"ItemId\":626,\"Position\":{\"x\":-129.59,\"y\":409.49,\"z\":-1028.08},\"Rotation\":{\"x\":345.409454,\"y\":329.2675,\"z\":0.93207866}},{\"ObjectNameId\":\"World.HangGlider.03\",\"ItemId\":626,\"Position\":{\"x\":366.28,\"y\":528.44,\"z\":-160.22},\"Rotation\":{\"x\":345.409454,\"y\":329.2675,\"z\":0.93207866}},{\"ObjectNameId\":\"World.HangGlider.04\",\"ItemId\":626,\"Position\":{\"x\":-1184.1,\"y\":221.516174,\"z\":-1728.82288},\"Rotation\":{\"x\":339.567169,\"y\":202.175552,\"z\":358.482422}},{\"ObjectNameId\":\"World.HangGlider.05\",\"ItemId\":626,\"Position\":{\"x\":733.1571,\"y\":369.35,\"z\":740.7741},\"Rotation\":{\"x\":346.592865,\"y\":55.28923,\"z\":3.63867712}},{\"ObjectNameId\":\"World.HangGlider.06\",\"ItemId\":626,\"Position\":{\"x\":1083.82,\"y\":276.317383,\"z\":-108.445892},\"Rotation\":{\"x\":344.984741,\"y\":55.88374,\"z\":1.21760261}},{\"ObjectNameId\":\"World.HangGlider.07\",\"ItemId\":626,\"Position\":{\"x\":797.909,\"y\":227.65,\"z\":974.662},\"Rotation\":{\"x\":344.984772,\"y\":85.53987,\"z\":1.21760166}},{\"ObjectNameId\":\"World.HangGlider.08\",\"ItemId\":626,\"Position\":{\"x\":-30.42196,\"y\":250.851,\"z\":665.780762},\"Rotation\":{\"x\":344.984772,\"y\":29.0722332,\"z\":1.2176019}},{\"ObjectNameId\":\"World.HangGlider.09\",\"ItemId\":626,\"Position\":{\"x\":1297.53906,\"y\":193.973,\"z\":-30.139},\"Rotation\":{\"x\":344.984741,\"y\":92.78199,\"z\":1.217601}},{\"ObjectNameId\":\"World.HangGlider.10\",\"ItemId\":626,\"Position\":{\"x\":789.7307,\"y\":400.973053,\"z\":273.9027},\"Rotation\":{\"x\":347.482727,\"y\":134.715927,\"z\":6.64512062}},{\"ObjectNameId\":\"World.HangGlider.11\",\"ItemId\":626,\"Position\":{\"x\":-1772.03,\"y\":83.56678,\"z\":1171.02441},\"Rotation\":{\"x\":347.06366,\"y\":258.640076,\"z\":4.550671}},{\"ObjectNameId\":\"World.HangGlider.12\",\"ItemId\":626,\"Position\":{\"x\":-1297.054,\"y\":79.975,\"z\":1740.63477},\"Rotation\":{\"x\":345.6263,\"y\":51.9747849,\"z\":2.88373137}},{\"ObjectNameId\":\"World.HangGlider.13\",\"ItemId\":626,\"Position\":{\"x\":-799.537,\"y\":189.46,\"z\":-281.768},\"Rotation\":{\"x\":345.6263,\"y\":325.6798,\"z\":2.883733}},{\"ObjectNameId\":\"World.HangGlider.14\",\"ItemId\":626,\"Position\":{\"x\":846.108,\"y\":208.549,\"z\":1105.33716},\"Rotation\":{\"x\":345.6263,\"y\":41.03186,\"z\":2.88373685}},{\"ObjectNameId\":\"World.KnightV.01\",\"ItemId\":630,\"Position\":{\"x\":-1271.26,\"y\":103.854,\"z\":-14.9114027},\"Rotation\":{\"z\":326.879028},\"State\":1},{\"ObjectNameId\":\"World.KnightV.02\",\"ItemId\":630,\"Position\":{\"x\":-1121.4198,\"y\":37.108,\"z\":1628.24243},\"Rotation\":{\"x\":352.2902,\"y\":49.62521,\"z\":311.589752},\"State\":1},{\"ObjectNameId\":\"World.KnightV.03\",\"ItemId\":630,\"Position\":{\"x\":-238.128,\"y\":97.089,\"z\":950.960266},\"Rotation\":{\"x\":356.628723,\"y\":69.52765,\"z\":37.52209}},{\"ObjectNameId\":\"World.KnightV.04\",\"ItemId\":630,\"Position\":{\"x\":-1031.791,\"y\":226.86,\"z\":-625.11},\"Rotation\":{\"x\":351.3573,\"y\":158.840546,\"z\":335.1593}},{\"ObjectNameId\":\"World.KnightV.05\",\"ItemId\":630,\"Position\":{\"x\":1285.29871,\"y\":228.157,\"z\":-725.347},\"Rotation\":{\"x\":354.536316,\"y\":258.733917,\"z\":33.54773}},{\"ObjectNameId\":\"World.KnightV.06\",\"ItemId\":630,\"Position\":{\"x\":1106.58667,\"y\":87.5037155,\"z\":1622.528},\"Rotation\":{\"x\":353.512939,\"y\":186.727982,\"z\":59.38967}},{\"ObjectNameId\":\"World.KnightV.07\",\"ItemId\":630,\"Position\":{\"x\":1454.986,\"y\":192.25,\"z\":-417.372},\"Rotation\":{\"x\":355.17334,\"y\":306.921173,\"z\":323.681152}},{\"ObjectNameId\":\"World.KnightV.08\",\"ItemId\":630,\"Position\":{\"x\":-1092.74023,\"y\":93.476,\"z\":1277.42529},\"Rotation\":{\"x\":353.6405,\"y\":269.1214,\"z\":53.79985},\"State\":1},{\"ObjectNameId\":\"World.KnightV.09\",\"ItemId\":630,\"Position\":{\"x\":-1177.635,\"y\":227.554,\"z\":-1697.917},\"Rotation\":{\"x\":0.430921555,\"y\":210.561981,\"z\":312.084717}},{\"ObjectNameId\":\"World.KnightV.10\",\"ItemId\":630,\"Position\":{\"x\":-973.578,\"y\":272.885,\"z\":-783.283},\"Rotation\":{\"x\":359.134064,\"y\":148.511169,\"z\":308.603241}},{\"ObjectNameId\":\"World.KnightV.11\",\"ItemId\":630,\"Position\":{\"x\":-734.531,\"y\":134.001541,\"z\":28.555},\"Rotation\":{\"x\":359.134064,\"y\":275.3971,\"z\":308.603241},\"State\":1},{\"ObjectNameId\":\"World.KnightV.12\",\"ItemId\":630,\"Position\":{\"x\":-973.578,\"y\":272.885,\"z\":-783.283},\"Rotation\":{\"x\":359.134064,\"y\":148.511169,\"z\":308.603241}},{\"ObjectNameId\":\"World.KnightV.13\",\"ItemId\":630,\"Position\":{\"x\":-1132.82556,\"y\":278.821,\"z\":-1086.89417},\"Rotation\":{\"x\":356.135834,\"y\":114.3761,\"z\":40.2333832}},{\"ObjectNameId\":\"5dd1b1e3-8c67-4d5f-ab02-9a77e2a37643\",\"ItemId\":630,\"Position\":{\"x\":-1131.17993,\"y\":37.59373,\"z\":1631.17676},\"Rotation\":{\"x\":6.20342445,\"y\":189.739639,\"z\":355.629425},\"RuntimeCreated\":true},{\"ObjectNameId\":\"55e18708-604a-409e-a818-45cac98d8785\",\"ItemId\":630,\"Position\":{\"x\":1835.89172,\"y\":16.6803684,\"z\":1486.6283},\"Rotation\":{\"x\":-0.001091163,\"y\":316.6086,\"z\":0.00496080844},\"RuntimeCreated\":true},{\"ObjectNameId\":\"b59e8e83-88d6-4eb4-8727-54f269c83f19\",\"ItemId\":630,\"Position\":{\"x\":-1134.01953,\"y\":37.56784,\"z\":1620.33826},\"Rotation\":{\"x\":297.1246,\"y\":350.937347,\"z\":188.430588},\"RuntimeCreated\":true},{\"ObjectNameId\":\"6bd14ead-427c-4e52-97b7-625a8637e6ce\",\"ItemId\":630,\"Position\":{\"x\":-1131.485,\"y\":37.6318054,\"z\":1631.881},\"Rotation\":{\"x\":355.842834,\"y\":89.00718,\"z\":106.373314},\"RuntimeCreated\":true},{\"ObjectNameId\":\"f627d71d-7c24-4cca-9540-90c2d2836885\",\"ItemId\":630,\"Position\":{\"x\":-1115.98352,\"y\":37.2238464,\"z\":1624.802},\"Rotation\":{\"x\":0.00152320543,\"y\":354.178436,\"z\":-0.00167166092},\"RuntimeCreated\":true},{\"ObjectNameId\":\"efb6a745-5b04-488e-bec6-b0adb1f3703d\",\"ItemId\":630,\"Position\":{\"x\":-1116.25354,\"y\":129.2873,\"z\":-169.094574},\"Rotation\":{\"x\":346.9618,\"y\":350.904419,\"z\":97.68692},\"State\":1,\"RuntimeCreated\":true},{\"ObjectNameId\":\"15ab3217-1a69-4c27-abdb-dbb029917975\",\"ItemId\":630,\"Position\":{\"x\":-937.022,\"y\":251.162491,\"z\":-1001.10413},\"Rotation\":{\"x\":-0.00513729965,\"y\":64.86779,\"z\":0.00493198168},\"RuntimeCreated\":true},{\"ObjectNameId\":\"8ded88b9-8e25-4a70-984e-7804169dddda\",\"ItemId\":630,\"Position\":{\"x\":-669.2129,\"y\":282.38382,\"z\":-607.244934},\"Rotation\":{\"x\":3.364018,\"y\":60.572216,\"z\":359.993469},\"RuntimeCreated\":true},{\"ObjectNameId\":\"7a806692-6033-4f8e-a273-6ec9ce4fdfb3\",\"ItemId\":630,\"Position\":{\"x\":-1626.72241,\"y\":17.9624577,\"z\":448.3695},\"Rotation\":{\"x\":-0.000133188689,\"y\":220.086258,\"z\":300.384125},\"State\":1,\"RuntimeCreated\":true},{\"ObjectNameId\":\"6482d828-faf1-4bc1-b817-18b1f566824d\",\"ItemId\":630,\"State\":1,\"RuntimeCreated\":true},{\"ObjectNameId\":\"8fdc5ae8-56b9-4218-b6f4-d7f44cc733f7\",\"ItemId\":630,\"Position\":{\"x\":-732.306152,\"y\":134.100632,\"z\":31.8270988},\"Rotation\":{\"x\":359.969482,\"y\":50.7737465,\"z\":6.35286045},\"RuntimeCreated\":true},{\"ObjectNameId\":\"4ff33ef2-c57d-40e9-bd7a-1fa3eee72519\",\"ItemId\":630,\"State\":1,\"RuntimeCreated\":true},{\"ObjectNameId\":\"7f9c5ca6-1d84-4a92-8be4-49f0c66ed946\",\"ItemId\":630,\"State\":1,\"RuntimeCreated\":true},{\"ObjectNameId\":\"ebc1f41d-1125-475c-9a24-c393b90f7754\",\"ItemId\":630,\"State\":1,\"RuntimeCreated\":true},{\"ObjectNameId\":\"38c28b27-0695-4e90-802e-19cd59774b40\",\"ItemId\":630,\"State\":1,\"RuntimeCreated\":true},{\"ObjectNameId\":\"f1062bb9-a6ab-4d59-bf04-3ee13c55815c\",\"ItemId\":630,\"Position\":{\"x\":-1609.39014,\"y\":15.4051208,\"z\":454.943085},\"Rotation\":{\"x\":0.7561836,\"y\":326.482483,\"z\":251.03244},\"State\":1,\"RuntimeCreated\":true},{\"ObjectNameId\":\"4d07716d-e91b-473e-a6c3-32fa540f2ff9\",\"ItemId\":630,\"Position\":{\"x\":-1628.27612,\"y\":17.9831982,\"z\":448.522339},\"Rotation\":{\"x\":58.0009,\"y\":115.0104,\"z\":263.068817},\"State\":1,\"RuntimeCreated\":true},{\"ObjectNameId\":\"a4066a80-2094-4a23-afee-69d638697a53\",\"ItemId\":630,\"State\":1,\"RuntimeCreated\":true},{\"ObjectNameId\":\"d79fe1a7-948c-4d21-909d-bf5cb13b4204\",\"ItemId\":630,\"State\":1,\"RuntimeCreated\":true},{\"ObjectNameId\":\"1c974a4a-cde0-479b-8e82-af468bba47f6\",\"ItemId\":630,\"Position\":{\"x\":-1615.28064,\"y\":16.1887074,\"z\":443.0673},\"Rotation\":{\"x\":330.566864,\"y\":151.766846,\"z\":47.5980644},\"State\":1,\"RuntimeCreated\":true},{\"ObjectNameId\":\"0bbf11ca-fe92-47d2-9cb9-6908a1e234a9\",\"ItemId\":630,\"State\":1,\"RuntimeCreated\":true},{\"ObjectNameId\":\"e35d0fa0-738d-4796-ab48-7c8f4d77ffdb\",\"ItemId\":630,\"State\":1,\"RuntimeCreated\":true},{\"ObjectNameId\":\"63577ab2-16df-4eda-b4de-e390c29b4e21\",\"ItemId\":630,\"State\":1,\"RuntimeCreated\":true},{\"ObjectNameId\":\"c0f1982f-b3d2-4f5d-8b52-88724b53f992\",\"ItemId\":630,\"State\":1,\"RuntimeCreated\":true},{\"ObjectNameId\":\"28514dc4-5e8c-44af-a1a8-2f740bbb9a3c\",\"ItemId\":630,\"State\":1,\"RuntimeCreated\":true},{\"ObjectNameId\":\"c469c7d9-76ac-40a7-852a-898d16ac1ffa\",\"ItemId\":630,\"Position\":{\"x\":-623.0537,\"y\":148.861664,\"z\":377.489075},\"Rotation\":{\"x\":4.92856026,\"y\":351.119873,\"z\":6.12268972},\"State\":1,\"RuntimeCreated\":true},{\"ObjectNameId\":\"65882638-ddd7-4167-8eaf-a59f38b5c816\",\"ItemId\":630,\"State\":1,\"RuntimeCreated\":true},{\"ObjectNameId\":\"08613cd1-9606-47d0-a10e-4430302d9513\",\"ItemId\":630,\"State\":1,\"RuntimeCreated\":true},{\"ObjectNameId\":\"97010349-ad4a-45ae-a628-18fded15e1c0\",\"ItemId\":630,\"State\":1,\"RuntimeCreated\":true},{\"ObjectNameId\":\"b163b53a-8ac3-4fd0-8a5e-971d9f36c434\",\"ItemId\":630,\"State\":1,\"RuntimeCreated\":true},{\"ObjectNameId\":\"8aed4740-793c-43f9-a57b-e3f82a5121e5\",\"ItemId\":630,\"Position\":{\"x\":-1254.44641,\"y\":100.490738,\"z\":1396.04541},\"Rotation\":{\"x\":359.953857,\"y\":282.293823,\"z\":353.0337},\"State\":1,\"RuntimeCreated\":true},{\"ObjectNameId\":\"de3af97b-b540-4986-9fa8-1ee885cd8e62\",\"ItemId\":630,\"Position\":{\"x\":-1257.70886,\"y\":100.950745,\"z\":1393.244},\"Rotation\":{\"x\":359.958252,\"y\":338.665771,\"z\":359.899048},\"RuntimeCreated\":true},{\"ObjectNameId\":\"40bd4bd5-1ae3-41fa-b58a-5e9e85475c86\",\"ItemId\":630,\"State\":1,\"RuntimeCreated\":true},{\"ObjectNameId\":\"2d4c5fc7-3d2f-4749-ae8f-a11157fcb0a4\",\"ItemId\":630,\"State\":1,\"RuntimeCreated\":true},{\"ObjectNameId\":\"22b7bbdf-be73-49cc-8c29-efabb2c1c46a\",\"ItemId\":630,\"State\":1,\"RuntimeCreated\":true},{\"ObjectNameId\":\"e63c6514-7968-4a38-9ae5-70ea50210d6c\",\"ItemId\":630,\"State\":1,\"RuntimeCreated\":true},{\"ObjectNameId\":\"1a2c92da-8faa-452c-8ac5-0a0893288557\",\"ItemId\":630,\"State\":1,\"RuntimeCreated\":true},{\"ObjectNameId\":\"8f785400-82e3-4355-847c-6ac2ecd2d3b4\",\"ItemId\":630,\"State\":1,\"RuntimeCreated\":true},{\"ObjectNameId\":\"a8b584ed-b46c-49e5-88ee-a97e3b3d161e\",\"ItemId\":630,\"State\":1,\"RuntimeCreated\":true},{\"ObjectNameId\":\"02a0977d-306b-41ba-8743-088c6cb15ad9\",\"ItemId\":630,\"State\":1,\"RuntimeCreated\":true},{\"ObjectNameId\":\"1247f16b-2b0c-4e0e-a2f4-b1c4a3d093bf\",\"ItemId\":630,\"State\":1,\"RuntimeCreated\":true},{\"ObjectNameId\":\"11debadf-0d77-4e50-9109-c30359586cdf\",\"ItemId\":630,\"Position\":{\"x\":-1489.22754,\"y\":14.0431566,\"z\":460.728638},\"Rotation\":{\"x\":301.6842,\"y\":125.807358,\"z\":104.474792},\"State\":1,\"RuntimeCreated\":true},{\"ObjectNameId\":\"098e0849-f8ac-40fa-898f-ea28bdf08f51\",\"ItemId\":630,\"State\":1,\"RuntimeCreated\":true},{\"ObjectNameId\":\"d571ad21-6a36-4ca7-a400-01c6d612befa\",\"ItemId\":630,\"State\":1,\"RuntimeCreated\":true},{\"ObjectNameId\":\"662aad93-bb62-4f78-9ad5-a9a55aa2f47b\",\"ItemId\":630,\"State\":1,\"RuntimeCreated\":true},{\"ObjectNameId\":\"4f70a567-8333-4d10-9d42-0247c89c1e8e\",\"ItemId\":630,\"State\":1,\"RuntimeCreated\":true},{\"ObjectNameId\":\"e0534378-db99-4b8c-a808-2b48dbf045b4\",\"ItemId\":630,\"State\":1,\"RuntimeCreated\":true},{\"ObjectNameId\":\"dd520208-d191-4633-88a5-9ef14ea78958\",\"ItemId\":630,\"State\":1,\"RuntimeCreated\":true},{\"ObjectNameId\":\"b2f822bf-0308-4f6c-9fcb-11c2cdd30088\",\"ItemId\":630,\"State\":1,\"RuntimeCreated\":true},{\"ObjectNameId\":\"bcc6d34f-5a2d-4e39-a976-5d6bfa8f4d9f\",\"ItemId\":630,\"State\":1,\"RuntimeCreated\":true},{\"ObjectNameId\":\"fca745de-ad11-46cd-9152-776d71dee534\",\"ItemId\":630,\"State\":1,\"RuntimeCreated\":true},{\"ObjectNameId\":\"c2c3e242-cbe3-4a9c-9812-5b3a4f895b4e\",\"ItemId\":630,\"State\":1,\"RuntimeCreated\":true},{\"ObjectNameId\":\"45610c15-c956-43e9-87e6-38b9ec9dc0f1\",\"ItemId\":630,\"State\":1,\"RuntimeCreated\":true},{\"ObjectNameId\":\"384086ef-aca6-431b-9e74-53b8a90f75b4\",\"ItemId\":630,\"State\":1,\"RuntimeCreated\":true},{\"ObjectNameId\":\"0af5f8b9-b0e9-40db-941d-621f414e3b6b\",\"ItemId\":630,\"State\":1,\"RuntimeCreated\":true},{\"ObjectNameId\":\"ad23b2b8-e595-4eec-ada8-84a235f430a6\",\"ItemId\":630,\"State\":1,\"RuntimeCreated\":true},{\"ObjectNameId\":\"3664e22e-3ad6-4b5e-bbde-b7388ca096ce\",\"ItemId\":630,\"State\":1,\"RuntimeCreated\":true},{\"ObjectNameId\":\"11e66eb3-1657-47f3-850c-78c41329d452\",\"ItemId\":630,\"Position\":{\"x\":-1626.44849,\"y\":15.01894,\"z\":457.8368},\"Rotation\":{\"x\":271.90506,\"y\":315.083984,\"z\":25.4779186},\"State\":1,\"RuntimeCreated\":true},{\"ObjectNameId\":\"4e82e134-5625-49b6-96cf-571d84b00bb7\",\"ItemId\":630,\"State\":1,\"RuntimeCreated\":true},{\"ObjectNameId\":\"7ccf851d-80e3-4957-844a-9e40a5d12940\",\"ItemId\":630,\"Position\":{\"x\":-1628.05676,\"y\":17.9627151,\"z\":449.211151},\"Rotation\":{\"x\":0.0012670001,\"y\":277.124969,\"z\":59.63486},\"State\":1,\"RuntimeCreated\":true},{\"ObjectNameId\":\"96ad87db-7d56-4431-89c5-17ef366cdcb3\",\"ItemId\":630,\"State\":1,\"RuntimeCreated\":true},{\"ObjectNameId\":\"6e49ead7-cdac-4ee0-8e28-1561ff1f0925\",\"ItemId\":630,\"State\":1,\"RuntimeCreated\":true},{\"ObjectNameId\":\"b8444ca4-fcdf-46df-9fb7-76405f231679\",\"ItemId\":630,\"State\":1,\"RuntimeCreated\":true},{\"ObjectNameId\":\"ac911d31-6df4-4a36-98a2-f19d90f23574\",\"ItemId\":630,\"State\":1,\"RuntimeCreated\":true},{\"ObjectNameId\":\"b8754d7c-0808-4b24-8b4f-974a77ec19fd\",\"ItemId\":630,\"State\":1,\"RuntimeCreated\":true},{\"ObjectNameId\":\"03cec7fe-f64d-4557-ac41-687493b47b2b\",\"ItemId\":630,\"Position\":{\"x\":-1189.9115,\"y\":55.0413246,\"z\":128.968048},\"Rotation\":{\"x\":20.6883717,\"y\":155.220947,\"z\":240.573624},\"State\":1,\"RuntimeCreated\":true},{\"ObjectNameId\":\"ecfd83e2-ea80-4409-a4ba-f9fed1cea91f\",\"ItemId\":630,\"Position\":{\"x\":-1156.36707,\"y\":131.140732,\"z\":-160.752426},\"Rotation\":{\"x\":359.961578,\"y\":149.365891,\"z\":359.899078},\"RuntimeCreated\":true},{\"ObjectNameId\":\"381abead-5c67-4e8d-aa41-a4967043113e\",\"ItemId\":630,\"State\":1,\"RuntimeCreated\":true},{\"ObjectNameId\":\"c463fe8d-7e7d-4b4a-a6eb-a46af60da08d\",\"ItemId\":630,\"Position\":{\"x\":-885.6825,\"y\":251.162827,\"z\":-935.2588},\"Rotation\":{\"x\":359.9625,\"y\":202.844467,\"z\":0.04767701},\"RuntimeCreated\":true},{\"ObjectNameId\":\"207f62d5-0244-47c0-a520-948928848b49\",\"ItemId\":630,\"Position\":{\"x\":-1621.80945,\"y\":18.1950169,\"z\":455.750061},\"Rotation\":{\"x\":305.452972,\"y\":346.146118,\"z\":107.609604},\"RuntimeCreated\":true}]}"}}