{"Version":"0.0.0","Data":{"WorldItemManager":"{\"Version\":\"0.0.0\",\"WorldItemStates\":[{\"ObjectNameId\":\"World.GolfCart.01\",\"Position\":{\"x\":735.561462,\"y\":92.11,\"z\":1492.85645},\"Rotation\":{\"y\":59.3326035}},{\"ObjectNameId\":\"World.GolfCart.02\",\"Position\":{\"x\":1030.9928,\"y\":83.629,\"z\":1523.309},\"Rotation\":{\"y\":310.235138}},{\"ObjectNameId\":\"World.GolfCart.03\",\"Position\":{\"x\":1582.8606,\"y\":98.373,\"z\":1340.59045},\"Rotation\":{\"y\":146.876465}},{\"ObjectNameId\":\"World.GolfCart.04\",\"Position\":{\"x\":1014.11,\"y\":140.11,\"z\":1223.06},\"Rotation\":{\"y\":146.876465}},{\"ObjectNameId\":\"World.GolfCart.05\",\"Position\":{\"x\":1903.9,\"y\":15.253,\"z\":461.64},\"Rotation\":{\"y\":146.876465}},{\"ObjectNameId\":\"World.GolfCart.06\",\"Position\":{\"x\":1839.567,\"y\":15.09,\"z\":355.608978},\"Rotation\":{\"y\":97.15335}},{\"ObjectNameId\":\"World.GolfCart.07\",\"Position\":{\"x\":1691.495,\"y\":28.776,\"z\":1027.62219},\"Rotation\":{\"y\":97.15335}},{\"ObjectNameId\":\"World.GolfCart.08\",\"Position\":{\"x\":1828.626,\"y\":49.343,\"z\":-484.002},\"Rotation\":{\"y\":97.15335}},{\"ObjectNameId\":\"World.GolfCart.09\",\"Position\":{\"x\":1815.72327,\"y\":49.343,\"z\":-509.155945},\"Rotation\":{\"y\":304.951}},{\"ObjectNameId\":\"World.GolfCart.10\",\"Position\":{\"x\":-1134.227,\"y\":279.003,\"z\":-1106.351},\"Rotation\":{\"y\":16.8130627}},{\"ObjectNameId\":\"World.GolfCart.11\",\"Position\":{\"x\":-594.394653,\"y\":321.764862,\"z\":-556.939331},\"Rotation\":{\"x\":9.710952,\"y\":205.099869,\"z\":353.8369},\"ItemStateData\":[{\"Power\":1000.0,\"StateDataTypeId\":1,\"Version\":\"0.0.0\"}]},{\"ObjectNameId\":\"World.GolfCart.12\",\"Position\":{\"x\":-596.8075,\"y\":321.1153,\"z\":-559.8866},\"Rotation\":{\"x\":1.675479,\"y\":298.2231,\"z\":9.206819},\"ItemStateData\":[{\"Power\":1000.0,\"StateDataTypeId\":1,\"Version\":\"0.0.0\"}]},{\"ObjectNameId\":\"World.GolfCart.13\",\"Position\":{\"x\":1044.47864,\"y\":16.305,\"z\":1825.028},\"Rotation\":{\"x\":7.10553932}},{\"ObjectNameId\":\"World.HangGlider.01\",\"ItemId\":626,\"Position\":{\"x\":-504.4314,\"y\":322.9,\"z\":-307.391937},\"Rotation\":{\"x\":347.33783,\"y\":304.745667,\"z\":6.05460072}},{\"ObjectNameId\":\"World.HangGlider.02\",\"ItemId\":626,\"Position\":{\"x\":-129.59,\"y\":409.49,\"z\":-1028.08},\"Rotation\":{\"x\":345.409454,\"y\":329.2675,\"z\":0.93207866}},{\"ObjectNameId\":\"World.HangGlider.03\",\"ItemId\":626,\"Position\":{\"x\":366.28,\"y\":528.44,\"z\":-160.22},\"Rotation\":{\"x\":345.409454,\"y\":329.2675,\"z\":0.93207866}},{\"ObjectNameId\":\"World.HangGlider.04\",\"ItemId\":626,\"Position\":{\"x\":-1184.1,\"y\":221.516174,\"z\":-1728.82288},\"Rotation\":{\"x\":339.567169,\"y\":202.175552,\"z\":358.482422}},{\"ObjectNameId\":\"World.HangGlider.05\",\"ItemId\":626,\"Position\":{\"x\":733.1571,\"y\":369.35,\"z\":740.7741},\"Rotation\":{\"x\":346.592865,\"y\":55.28923,\"z\":3.63867712}},{\"ObjectNameId\":\"World.HangGlider.06\",\"ItemId\":626,\"Position\":{\"x\":1083.82,\"y\":276.317383,\"z\":-108.445892},\"Rotation\":{\"x\":344.984741,\"y\":55.88374,\"z\":1.21760261}},{\"ObjectNameId\":\"World.HangGlider.07\",\"ItemId\":626,\"Position\":{\"x\":797.909,\"y\":227.65,\"z\":974.662},\"Rotation\":{\"x\":344.984772,\"y\":85.53987,\"z\":1.21760166}},{\"ObjectNameId\":\"World.HangGlider.08\",\"ItemId\":626,\"Position\":{\"x\":-30.42196,\"y\":250.851,\"z\":665.780762},\"Rotation\":{\"x\":344.984772,\"y\":29.0722332,\"z\":1.2176019}},{\"ObjectNameId\":\"World.HangGlider.09\",\"ItemId\":626,\"Position\":{\"x\":1297.53906,\"y\":193.973,\"z\":-30.139},\"Rotation\":{\"x\":344.984741,\"y\":92.78199,\"z\":1.217601}},{\"ObjectNameId\":\"World.HangGlider.10\",\"ItemId\":626,\"Position\":{\"x\":789.7307,\"y\":400.973053,\"z\":273.9027},\"Rotation\":{\"x\":347.482727,\"y\":134.715927,\"z\":6.64512062}},{\"ObjectNameId\":\"World.HangGlider.11\",\"ItemId\":626,\"Position\":{\"x\":-1772.03,\"y\":83.56678,\"z\":1171.02441},\"Rotation\":{\"x\":347.06366,\"y\":258.640076,\"z\":4.550671}},{\"ObjectNameId\":\"World.HangGlider.12\",\"ItemId\":626,\"Position\":{\"x\":-1297.054,\"y\":79.975,\"z\":1740.63477},\"Rotation\":{\"x\":345.6263,\"y\":51.9747849,\"z\":2.88373137}},{\"ObjectNameId\":\"World.HangGlider.13\",\"ItemId\":626,\"Position\":{\"x\":-799.537,\"y\":189.46,\"z\":-281.768},\"Rotation\":{\"x\":345.6263,\"y\":325.6798,\"z\":2.883733}},{\"ObjectNameId\":\"World.HangGlider.14\",\"ItemId\":626,\"Position\":{\"x\":846.108,\"y\":208.549,\"z\":1105.33716},\"Rotation\":{\"x\":345.6263,\"y\":41.03186,\"z\":2.88373685}},{\"ObjectNameId\":\"World.KnightV.01\",\"ItemId\":630,\"Position\":{\"x\":-1271.26,\"y\":103.854,\"z\":-14.9114027},\"Rotation\":{\"z\":326.879028},\"State\":1},{\"ObjectNameId\":\"World.KnightV.02\",\"ItemId\":630,\"Position\":{\"x\":-1121.4198,\"y\":37.108,\"z\":1628.24243},\"Rotation\":{\"x\":352.2902,\"y\":49.62521,\"z\":311.589752},\"State\":1},{\"ObjectNameId\":\"World.KnightV.03\",\"ItemId\":630,\"Position\":{\"x\":-238.128,\"y\":97.089,\"z\":950.960266},\"Rotation\":{\"x\":356.628723,\"y\":69.52765,\"z\":37.52209}},{\"ObjectNameId\":\"World.KnightV.04\",\"ItemId\":630,\"Position\":{\"x\":-1031.791,\"y\":226.86,\"z\":-625.11},\"Rotation\":{\"x\":351.3573,\"y\":158.840546,\"z\":335.1593}},{\"ObjectNameId\":\"World.KnightV.05\",\"ItemId\":630,\"Position\":{\"x\":1285.29871,\"y\":228.157,\"z\":-725.347},\"Rotation\":{\"x\":354.536316,\"y\":258.733917,\"z\":33.54773}},{\"ObjectNameId\":\"World.KnightV.06\",\"ItemId\":630,\"Position\":{\"x\":1106.58667,\"y\":87.5037155,\"z\":1622.528},\"Rotation\":{\"x\":353.512939,\"y\":186.727982,\"z\":59.38967}},{\"ObjectNameId\":\"World.KnightV.07\",\"ItemId\":630,\"Position\":{\"x\":1454.986,\"y\":192.25,\"z\":-417.372},\"Rotation\":{\"x\":355.17334,\"y\":306.921173,\"z\":323.681152}},{\"ObjectNameId\":\"World.KnightV.08\",\"ItemId\":630,\"Position\":{\"x\":-1092.74023,\"y\":93.476,\"z\":1277.42529},\"Rotation\":{\"x\":353.6405,\"y\":269.1214,\"z\":53.79985},\"State\":1},{\"ObjectNameId\":\"World.KnightV.09\",\"ItemId\":630,\"Position\":{\"x\":-1177.635,\"y\":227.554,\"z\":-1697.917},\"Rotation\":{\"x\":0.430921555,\"y\":210.561981,\"z\":312.084717}},{\"ObjectNameId\":\"World.KnightV.10\",\"ItemId\":630,\"Position\":{\"x\":-973.578,\"y\":272.885,\"z\":-783.283},\"Rotation\":{\"x\":359.134064,\"y\":148.511169,\"z\":308.603241}},{\"ObjectNameId\":\"World.KnightV.11\",\"ItemId\":630,\"Position\":{\"x\":-734.531,\"y\":134.001541,\"z\":28.555},\"Rotation\":{\"x\":359.134064,\"y\":275.3971,\"z\":308.603241},\"State\":1},{\"ObjectNameId\":\"World.KnightV.12\",\"ItemId\":630,\"Position\":{\"x\":-973.578,\"y\":272.885,\"z\":-783.283},\"Rotation\":{\"x\":359.134064,\"y\":148.511169,\"z\":308.603241}},{\"ObjectNameId\":\"World.KnightV.13\",\"ItemId\":630,\"Position\":{\"x\":-1132.82556,\"y\":278.821,\"z\":-1086.89417},\"Rotation\":{\"x\":356.135834,\"y\":114.3761,\"z\":40.2333832}},{\"ObjectNameId\":\"5dd1b1e3-8c67-4d5f-ab02-9a77e2a37643\",\"ItemId\":630,\"Position\":{\"x\":-1131.18042,\"y\":37.5935555,\"z\":1631.17651},\"Rotation\":{\"x\":6.21618366,\"y\":189.754013,\"z\":355.638916},\"State\":1,\"RuntimeCreated\":true},{\"ObjectNameId\":\"55e18708-604a-409e-a818-45cac98d8785\",\"ItemId\":630,\"Position\":{\"x\":1835.89172,\"y\":16.6803474,\"z\":1486.6283},\"Rotation\":{\"x\":-0.003224517,\"y\":316.606018,\"z\":-0.00186529674},\"RuntimeCreated\":true},{\"ObjectNameId\":\"b59e8e83-88d6-4eb4-8727-54f269c83f19\",\"ItemId\":630,\"Position\":{\"x\":-1134.02148,\"y\":37.56819,\"z\":1620.34131},\"Rotation\":{\"x\":297.2619,\"y\":351.011353,\"z\":188.2536},\"RuntimeCreated\":true},{\"ObjectNameId\":\"6bd14ead-427c-4e52-97b7-625a8637e6ce\",\"ItemId\":630,\"Position\":{\"x\":-1131.48828,\"y\":37.63157,\"z\":1631.88257},\"Rotation\":{\"x\":355.9158,\"y\":89.40429,\"z\":106.401985},\"RuntimeCreated\":true},{\"ObjectNameId\":\"f627d71d-7c24-4cca-9540-90c2d2836885\",\"ItemId\":630,\"Position\":{\"x\":-1115.98352,\"y\":37.22393,\"z\":1624.80212},\"Rotation\":{\"x\":0.0134235276,\"y\":354.1479,\"z\":-0.00250735763},\"State\":1,\"RuntimeCreated\":true},{\"ObjectNameId\":\"15ab3217-1a69-4c27-abdb-dbb029917975\",\"ItemId\":630,\"Position\":{\"x\":-937.0219,\"y\":251.162811,\"z\":-1001.10413},\"Rotation\":{\"x\":359.989777,\"y\":64.8650742,\"z\":-0.00397882331},\"RuntimeCreated\":true},{\"ObjectNameId\":\"8ded88b9-8e25-4a70-984e-7804169dddda\",\"ItemId\":630,\"Position\":{\"x\":-669.2129,\"y\":282.384155,\"z\":-607.244934},\"Rotation\":{\"x\":3.33526564,\"y\":60.5754738,\"z\":0.0138253095},\"RuntimeCreated\":true},{\"ObjectNameId\":\"8fdc5ae8-56b9-4218-b6f4-d7f44cc733f7\",\"ItemId\":630,\"Position\":{\"x\":-732.2871,\"y\":134.105072,\"z\":31.8043575},\"Rotation\":{\"x\":0.01279083,\"y\":50.7168655,\"z\":0.0875354558},\"State\":1,\"RuntimeCreated\":true},{\"ObjectNameId\":\"de3af97b-b540-4986-9fa8-1ee885cd8e62\",\"ItemId\":630,\"Position\":{\"x\":-1258.20325,\"y\":100.051514,\"z\":1392.904},\"Rotation\":{\"x\":357.514374,\"y\":320.92572,\"z\":115.61837},\"State\":1,\"RuntimeCreated\":true},{\"ObjectNameId\":\"ecfd83e2-ea80-4409-a4ba-f9fed1cea91f\",\"ItemId\":630,\"Position\":{\"x\":-1156.36292,\"y\":130.924942,\"z\":-160.76712},\"Rotation\":{\"x\":3.33476543,\"y\":148.998932,\"z\":358.890076},\"RuntimeCreated\":true},{\"ObjectNameId\":\"c463fe8d-7e7d-4b4a-a6eb-a46af60da08d\",\"ItemId\":630,\"Position\":{\"x\":-885.6828,\"y\":251.16156,\"z\":-935.2589},\"Rotation\":{\"x\":-0.003668723,\"y\":202.843811,\"z\":-0.00455286866},\"RuntimeCreated\":true},{\"ObjectNameId\":\"207f62d5-0244-47c0-a520-948928848b49\",\"ItemId\":630,\"Position\":{\"x\":-1621.80945,\"y\":18.1950321,\"z\":455.750061},\"Rotation\":{\"x\":305.4562,\"y\":346.140625,\"z\":107.617661},\"RuntimeCreated\":true},{\"ObjectNameId\":\"b0ee2851-fa64-4d97-89c4-ba9263a35e62\",\"ItemId\":630,\"State\":1,\"RuntimeCreated\":true},{\"ObjectNameId\":\"d212b82a-7377-4da0-ac7b-b4f4910cd6ff\",\"ItemId\":630,\"Position\":{\"x\":-693.097656,\"y\":103.132034,\"z\":452.978882},\"Rotation\":{\"x\":359.540741,\"y\":250.1596,\"z\":358.7267},\"State\":1,\"RuntimeCreated\":true},{\"ObjectNameId\":\"afee174b-b4f1-4f67-8aec-bb971784d8a2\",\"ItemId\":630,\"State\":1,\"RuntimeCreated\":true},{\"ObjectNameId\":\"a91019ab-180e-45f5-a668-958a0978de3b\",\"ItemId\":630,\"Position\":{\"x\":-695.966064,\"y\":103.313,\"z\":454.458252},\"Rotation\":{\"x\":359.961273,\"y\":137.30307,\"z\":359.8992},\"RuntimeCreated\":true},{\"ObjectNameId\":\"abbaf930-4b59-4606-a43b-e237910fb125\",\"ItemId\":630,\"State\":1,\"RuntimeCreated\":true},{\"ObjectNameId\":\"36ce3ee8-4585-41b3-80ec-7848b613d6cc\",\"ItemId\":630,\"State\":1,\"RuntimeCreated\":true},{\"ObjectNameId\":\"43252a6d-19ea-40f4-a93d-a0215cae4630\",\"ItemId\":630,\"State\":1,\"RuntimeCreated\":true},{\"ObjectNameId\":\"0fc79258-b4a4-4f50-bbe3-dabf4c107cc3\",\"ItemId\":630,\"State\":1,\"RuntimeCreated\":true},{\"ObjectNameId\":\"658a489c-313f-407a-86f0-659defe58900\",\"ItemId\":630,\"State\":1,\"RuntimeCreated\":true},{\"ObjectNameId\":\"7610e3d1-ca12-4089-b1f1-ba03020e4bcb\",\"ItemId\":630,\"State\":1,\"RuntimeCreated\":true},{\"ObjectNameId\":\"ffc1e409-983e-4eaf-8ef5-811d3b4b12ed\",\"ItemId\":630,\"Position\":{\"x\":-1115.63086,\"y\":37.22408,\"z\":1631.164},\"Rotation\":{\"x\":-0.00291186827,\"y\":137.986588,\"z\":0.00272245239},\"RuntimeCreated\":true},{\"ObjectNameId\":\"99ad4fad-2f8a-48df-912c-a8d827e91dfa\",\"ItemId\":630,\"Position\":{\"x\":-1120.7074,\"y\":37.2251625,\"z\":1628.532},\"Rotation\":{\"x\":359.9596,\"y\":319.502441,\"z\":359.901947},\"State\":1,\"RuntimeCreated\":true},{\"ObjectNameId\":\"22e275f5-a4d9-4281-9257-93c8b2f898c7\",\"ItemId\":630,\"State\":1,\"RuntimeCreated\":true},{\"ObjectNameId\":\"fedba16f-8f68-4cd7-9661-8deb8ac5bbbb\",\"ItemId\":630,\"Position\":{\"x\":-1110.51636,\"y\":15.9479523,\"z\":1717.10962},\"Rotation\":{\"x\":355.362427,\"y\":210.62677,\"z\":353.258545},\"State\":1,\"RuntimeCreated\":true},{\"ObjectNameId\":\"a6dbf7cb-e246-4acb-be68-6845fd975761\",\"ItemId\":630,\"Position\":{\"x\":-1118.50952,\"y\":20.7462769,\"z\":1688.26367},\"Rotation\":{\"x\":351.5131,\"y\":19.7056561,\"z\":355.417175},\"State\":1,\"RuntimeCreated\":true},{\"ObjectNameId\":\"e3fc09b8-d39e-44de-a7bd-251d7484b35e\",\"ItemId\":630,\"State\":1,\"RuntimeCreated\":true},{\"ObjectNameId\":\"140b93e8-56ee-4c19-9aea-9dec07a44558\",\"ItemId\":630,\"Position\":{\"x\":-1136.89832,\"y\":14.6774921,\"z\":1770.81506},\"Rotation\":{\"x\":1.14390457,\"y\":303.886475,\"z\":2.79900026},\"RuntimeCreated\":true},{\"ObjectNameId\":\"a6f104e4-f672-4c47-b47e-73ec641a9b71\",\"ItemId\":630,\"Position\":{\"x\":-1126.12183,\"y\":21.8778667,\"z\":1689.478},\"Rotation\":{\"x\":349.2751,\"y\":1.57871532,\"z\":107.660225},\"RuntimeCreated\":true},{\"ObjectNameId\":\"40e1f61b-2d09-40e3-9fd7-cacb91eb9f1c\",\"ItemId\":630,\"State\":1,\"RuntimeCreated\":true},{\"ObjectNameId\":\"042bedc0-5c70-4d92-a0ac-476c268cb105\",\"ItemId\":630,\"Position\":{\"x\":-1120.369,\"y\":37.2126846,\"z\":1628.76111},\"Rotation\":{\"x\":359.9926,\"y\":286.501221,\"z\":110.116554},\"State\":1,\"RuntimeCreated\":true},{\"ObjectNameId\":\"a6705155-d99c-4acb-9884-6127bfa0e02b\",\"ItemId\":630,\"State\":1,\"RuntimeCreated\":true},{\"ObjectNameId\":\"50681c18-e2dc-4f2a-942c-0fe6aecf340b\",\"ItemId\":630,\"State\":1,\"RuntimeCreated\":true},{\"ObjectNameId\":\"61a79d66-c148-47b1-9e93-17d37e9cdfa9\",\"ItemId\":630,\"State\":1,\"RuntimeCreated\":true},{\"ObjectNameId\":\"32903b29-491c-41c2-ad6e-fb65d50a00d1\",\"ItemId\":630,\"State\":1,\"RuntimeCreated\":true},{\"ObjectNameId\":\"941780c1-bfb0-46e7-bb77-fa5fa5013cd6\",\"ItemId\":630,\"State\":1,\"RuntimeCreated\":true},{\"ObjectNameId\":\"e588f60a-47cd-41b2-bced-f965a858361e\",\"ItemId\":630,\"State\":1,\"RuntimeCreated\":true},{\"ObjectNameId\":\"2e97558a-8856-46e4-bdd1-0279b2b81bfe\",\"ItemId\":630,\"State\":1,\"RuntimeCreated\":true},{\"ObjectNameId\":\"8c072553-3bf3-47a6-88db-e71761655cb2\",\"ItemId\":630,\"Position\":{\"x\":-1118.4292,\"y\":21.5906086,\"z\":1684.69543},\"Rotation\":{\"x\":359.940125,\"y\":352.610229,\"z\":341.08078},\"RuntimeCreated\":true},{\"ObjectNameId\":\"bc58718f-a6b0-4cd0-9195-ffabd1530e06\",\"ItemId\":630,\"State\":1,\"RuntimeCreated\":true},{\"ObjectNameId\":\"4a1655ef-152a-445a-8c86-84fc3019b7d0\",\"ItemId\":630,\"State\":1,\"RuntimeCreated\":true},{\"ObjectNameId\":\"5936005f-53b0-4ec2-8f0b-df3077f14d80\",\"ItemId\":630,\"State\":1,\"RuntimeCreated\":true},{\"ObjectNameId\":\"d9467f29-322a-4381-bacd-f0e06d87cade\",\"ItemId\":630,\"State\":1,\"RuntimeCreated\":true},{\"ObjectNameId\":\"7357e642-c911-45a0-84e1-f89f7dde0b71\",\"ItemId\":630,\"State\":1,\"RuntimeCreated\":true},{\"ObjectNameId\":\"a5879ace-b767-4e15-80c3-029075dfe3c6\",\"ItemId\":630,\"State\":1,\"RuntimeCreated\":true},{\"ObjectNameId\":\"675a9654-186a-4717-93e4-4494c7eb40f4\",\"ItemId\":630,\"State\":1,\"RuntimeCreated\":true},{\"ObjectNameId\":\"fc479609-1cf3-4310-80d4-e5bd2ab4b21e\",\"ItemId\":630,\"Position\":{\"x\":-1628.63477,\"y\":17.9791126,\"z\":449.381226},\"Rotation\":{\"x\":59.49079,\"y\":169.14743,\"z\":90.02264},\"RuntimeCreated\":true}]}"}}