{"Version":"0.0.0","Data":{"FreeFormStructureLinkerManager":"{\"_nodeLinkersData\":[null],\"_builtLinkersData\":[null,null,null,null,{\"_typeId\":9,\"_instanceId\":1},null,null,null,null,null,null,null,null,null,null,null,null,null,null,null,null,null,null,null,null,null,{\"_typeId\":4,\"_instanceId\":5},{\"_typeId\":4,\"_instanceId\":3},{\"_typeId\":8,\"_instanceId\":7},{\"_typeId\":4,\"_instanceId\":1},null,{\"_typeId\":9,\"_instanceId\":9},null,{\"_typeId\":9,\"_instanceId\":6},null,{\"_typeId\":9,\"_instanceId\":11},null,null,null,null,null,null,{\"_typeId\":3,\"_instanceId\":83},null,null,null,null,{\"_typeId\":3,\"_instanceId\":86},null,null,null,{\"_typeId\":8,\"_instanceId\":19},null,{\"_typeId\":9,\"_instanceId\":28},null,{\"_typeId\":9,\"_instanceId\":27},null,{\"_typeId\":9,\"_instanceId\":29},null,{\"_typeId\":9,\"_instanceId\":29},null,null,null,{\"_typeId\":4,\"_instanceId\":1},null,null,null,{\"_typeId\":9,\"_instanceId\":29},null,null,{\"_typeId\":2,\"_instanceId\":87},{\"_typeId\":2,\"_instanceId\":69},null,{\"_typeId\":8,\"_instanceId\":28},null,null,{\"_typeId\":3,\"_instanceId\":133},null,null,null,null,null,null,null,null,null,null,null,null,null,null,null,null,null,null,null,null,null,null,null,{\"_typeId\":3,\"_instanceId\":151},{\"_typeId\":2,\"_instanceId\":102},null,null,null,null,null,{\"_typeId\":2,\"_instanceId\":160},{\"_typeId\":3,\"_instanceId\":189},{\"_typeId\":2,\"_instanceId\":169},{\"_typeId\":3,\"_instanceId\":135},{\"_typeId\":2,\"_instanceId\":182},{\"_typeId\":2,\"_instanceId\":174},{\"_typeId\":2,\"_instanceId\":160},null,null,null,null,null,{\"_typeId\":3,\"_instanceId\":247},{\"_typeId\":3,\"_instanceId\":247},null,{\"_typeId\":4,\"_instanceId\":53},{\"_typeId\":4,\"_instanceId\":53},{\"_typeId\":2,\"_instanceId\":238},{\"_typeId\":8,\"_instanceId\":26},{\"_typeId\":4,\"_instanceId\":67},{\"_typeId\":2,\"_instanceId\":211},{\"_typeId\":8,\"_instanceId\":24},{\"_typeId\":4,\"_instanceId\":59},{\"_typeId\":4,\"_instanceId\":19},{\"_typeId\":4,\"_instanceId\":19},null,null,{\"_typeId\":4,\"_instanceId\":38},{\"_typeId\":3,\"_instanceId\":113},{\"_typeId\":2,\"_instanceId\":70},{\"_typeId\":4,\"_instanceId\":57},null,{\"_typeId\":2,\"_instanceId\":174},{\"_typeId\":2,\"_instanceId\":160},{\"_typeId\":2,\"_instanceId\":256},{\"_typeId\":2,\"_instanceId\":259},null,{\"_typeId\":4,\"_instanceId\":69},{\"_typeId\":2,\"_instanceId\":254},{\"_typeId\":8,\"_instanceId\":38},null,null,{\"_typeId\":8,\"_instanceId\":41},{\"_typeId\":4,\"_instanceId\":17},{\"_typeId\":4,\"_instanceId\":47}]}"}}