{"Version":"0.0.0","Data":{"FreeFormStructureLinkerManager":"{\"_nodeLinkersData\":[null,{\"_typeId\":2,\"_instanceId\":231},{\"_typeId\":4,\"_instanceId\":78},null],\"_builtLinkersData\":[null,null,null,null,{\"_typeId\":9,\"_instanceId\":1},null,null,null,null,null,null,null,null,null,null,null,null,null,null,null,null,null,null,{\"_typeId\":4,\"_instanceId\":5},{\"_typeId\":4,\"_instanceId\":3},{\"_typeId\":8,\"_instanceId\":7},{\"_typeId\":4,\"_instanceId\":1},null,{\"_typeId\":9,\"_instanceId\":9},null,{\"_typeId\":9,\"_instanceId\":6},null,{\"_typeId\":9,\"_instanceId\":11},null,null,null,null,null,null,null,null,{\"_typeId\":9,\"_instanceId\":28},null,{\"_typeId\":9,\"_instanceId\":27},null,{\"_typeId\":9,\"_instanceId\":29},null,{\"_typeId\":9,\"_instanceId\":29},null,null,null,{\"_typeId\":4,\"_instanceId\":1},null,null,null,{\"_typeId\":9,\"_instanceId\":29},null,{\"_typeId\":2,\"_instanceId\":87},{\"_typeId\":2,\"_instanceId\":69},null,null,null,{\"_typeId\":3,\"_instanceId\":133},null,null,null,null,null,null,null,null,null,null,null,null,null,null,null,null,null,null,null,null,null,null,{\"_typeId\":3,\"_instanceId\":151},{\"_typeId\":2,\"_instanceId\":102},null,null,null,null,null,{\"_typeId\":2,\"_instanceId\":160},{\"_typeId\":3,\"_instanceId\":189},{\"_typeId\":2,\"_instanceId\":169},{\"_typeId\":3,\"_instanceId\":135},{\"_typeId\":2,\"_instanceId\":182},{\"_typeId\":2,\"_instanceId\":174},{\"_typeId\":2,\"_instanceId\":160},null,null,null,{\"_typeId\":3,\"_instanceId\":247},{\"_typeId\":2,\"_instanceId\":238},{\"_typeId\":8,\"_instanceId\":26},{\"_typeId\":4,\"_instanceId\":19},null,null,{\"_typeId\":4,\"_instanceId\":38},{\"_typeId\":3,\"_instanceId\":113},{\"_typeId\":2,\"_instanceId\":70},{\"_typeId\":4,\"_instanceId\":57},null,{\"_typeId\":2,\"_instanceId\":174},{\"_typeId\":2,\"_instanceId\":160},{\"_typeId\":2,\"_instanceId\":256},{\"_typeId\":2,\"_instanceId\":259},null,null,{\"_typeId\":8,\"_instanceId\":29},{\"_typeId\":4,\"_instanceId\":17},null,null,{\"_typeId\":4,\"_instanceId\":67},null,null,null,null,null,null,{\"_typeId\":8,\"_instanceId\":26},{\"_typeId\":3,\"_instanceId\":247},null,null,{\"_typeId\":4,\"_instanceId\":22},{\"_typeId\":4,\"_instanceId\":22},{\"_typeId\":4,\"_instanceId\":66},{\"_typeId\":4,\"_instanceId\":66},{\"_typeId\":4,\"_instanceId\":66},{\"_typeId\":4,\"_instanceId\":66},{\"_typeId\":4,\"_instanceId\":92},{\"_typeId\":8,\"_instanceId\":28},{\"_typeId\":4,\"_instanceId\":80},{\"_typeId\":4,\"_instanceId\":24},null,null,null,null,null,null,null,null,null,null,null,null,null,null,null,null,null,null,null,null,{\"_typeId\":3,\"_instanceId\":73},{\"_typeId\":3,\"_instanceId\":128},{\"_typeId\":3,\"_instanceId\":334},{\"_typeId\":9,\"_instanceId\":16},{\"_typeId\":9,\"_instanceId\":13},{\"_typeId\":4,\"_instanceId\":52},{\"_typeId\":9,\"_instanceId\":24},{\"_typeId\":9,\"_instanceId\":19},{\"_typeId\":3,\"_instanceId\":100},{\"_typeId\":8,\"_instanceId\":32},{\"_typeId\":2,\"_instanceId\":231},null,{\"_typeId\":8,\"_instanceId\":53},{\"_typeId\":8,\"_instanceId\":53},{\"_typeId\":8,\"_instanceId\":45},{\"_typeId\":8,\"_instanceId\":52},{\"_typeId\":4,\"_instanceId\":89},{\"_typeId\":8,\"_instanceId\":53},{\"_typeId\":4,\"_instanceId\":63},null,null,{\"_typeId\":2,\"_instanceId\":254},{\"_typeId\":8,\"_instanceId\":35},{\"_typeId\":8,\"_instanceId\":42},{\"_typeId\":8,\"_instanceId\":29},{\"_typeId\":8,\"_instanceId\":26},{\"_typeId\":8,\"_instanceId\":30},{\"_typeId\":4,\"_instanceId\":67},{\"_typeId\":4,\"_instanceId\":58},{\"_typeId\":4,\"_instanceId\":56},{\"_typeId\":4,\"_instanceId\":19}]}"}}