{"Version":"0.0.0","Data":{"PlayerState":"{\"_entries\":[{\"Name\":\"Strength\",\"SettingType\":2},{\"Name\":\"StrengthLevel\",\"SettingType\":1,\"IntValue\":1},{\"Name\":\"CurrentStrength\",\"SettingType\":2},{\"Name\":\"RequiredCurrentStrengthPerLevel\",\"SettingType\":2},{\"Name\":\"MaxHealth\",\"SettingType\":2,\"FloatValue\":100.0},{\"Name\":\"CurrentHealth\",\"SettingType\":2,\"FloatValue\":100.0},{\"Name\":\"TargetHealth\",\"SettingType\":2,\"FloatValue\":28.0},{\"Name\":\"Hydration\",\"SettingType\":2},{\"Name\":\"Fullness\",\"SettingType\":2},{\"Name\":\"Rest\",\"SettingType\":2,\"FloatValue\":35.1739044},{\"Name\":\"Stamina\",\"SettingType\":2,\"FloatValue\":100.0},{\"Name\":\"HydrationBuff\",\"SettingType\":2,\"FloatValue\":-1.00004649},{\"Name\":\"FullnessBuff\",\"SettingType\":2,\"FloatValue\":-1.00004649},{\"Name\":\"RestBuff\",\"SettingType\":2,\"FloatValue\":-3.7252903E-06},{\"Name\":\"CookingBuffTimeRemaining\",\"SettingType\":2},{\"Name\":\"CookingBuffRecipe\",\"SettingType\":1,\"IntValue\":-1},{\"Name\":\"player.position\",\"SettingType\":4,\"FloatArrayValue\":[1771.50781,36.1409149,561.799]},{\"Name\":\"player.rotation\",\"SettingType\":4,\"FloatArrayValue\":[0.0,0.6541435,0.0,0.756370544]},{\"Name\":\"player.areaMask\",\"SettingType\":1},{\"Name\":\"InventoryLightsActive\"},{\"Name\":\"HasBeenTiredBefore\",\"BoolValue\":true},{\"Name\":\"crafted.00000618\",\"SettingType\":1,\"IntValue\":45},{\"Name\":\"crafted.00000426\",\"SettingType\":1,\"IntValue\":5},{\"Name\":\"crafted.00000391\",\"SettingType\":1,\"IntValue\":3},{\"Name\":\"crafted.00000560\",\"SettingType\":1,\"IntValue\":6},{\"Name\":\"crafted.00000553\",\"SettingType\":1,\"IntValue\":14},{\"Name\":\"DoneBuildFireTutorial\",\"BoolValue\":true},{\"Name\":\"crafted.00000428\",\"SettingType\":1,\"IntValue\":4},{\"Name\":\"crafted.00000657\",\"SettingType\":1,\"IntValue\":3},{\"Name\":\"hasOwned_00000495\",\"BoolValue\":true},{\"Name\":\"hasOwned_00000489\",\"BoolValue\":true},{\"Name\":\"hasOwned_00000501\",\"BoolValue\":true}],\"NamedInts\":[{\"SaveObjectNameId\":\"BunkerLuxury.Cutscene.MutantBossIntro\",\"SaveValue\":1},{\"SaveObjectNameId\":\"BunkerResidential.Cutscene.GetDownSon\"},{\"SaveObjectNameId\":\"BunkerLuxury.Cutscene.GoldRoom\",\"SaveValue\":1},{\"SaveObjectNameId\":\"HellCave.MutantDemonBossIntro\"}]}"}}