{"Version":"0.0.0","Data":{"PlayerInventory":"{\"Version\":\"0.0.0\",\"QuickSelect\":{\"Version\":\"0.0.0\",\"Slots\":[{},{},{},{},{},{},{},{},{\"ItemId\":589,\"Age\":136.784317}]},\"EquippedItems\":[],\"ItemInstanceManagerData\":{\"Version\":\"0.0.0\",\"ItemBlocks\":[{\"ItemId\":402,\"TotalCount\":1,\"UniqueItems\":[]},{\"ItemId\":483,\"TotalCount\":1,\"UniqueItems\":[]},{\"ItemId\":380,\"TotalCount\":1,\"UniqueItems\":[]},{\"ItemId\":351,\"TotalCount\":1,\"UniqueItems\":[]},{\"ItemId\":552,\"TotalCount\":1,\"UniqueItems\":[]},{\"ItemId\":486,\"TotalCount\":1,\"UniqueItems\":[]},{\"ItemId\":484,\"TotalCount\":21,\"UniqueItems\":[]},{\"ItemId\":495,\"TotalCount\":2,\"UniqueItems\":[]},{\"ItemId\":489,\"TotalCount\":1,\"UniqueItems\":[]},{\"ItemId\":501,\"TotalCount\":1,\"UniqueItems\":[]}]}}"}}