{"Version":"0.0.0","Data":{"ScrewStructureNodeInstances":"{\"_structures\":[{\"Id\":53,\"Pos\":{\"x\":-442.8204,\"y\":78.8751144,\"z\":713.1282},\"Rot\":{\"y\":1.0}},{\"Id\":53,\"Pos\":{\"x\":-1620.19617,\"y\":16.61264,\"z\":446.209625},\"Rot\":{\"x\":6.633659E-08,\"y\":0.0870831758,\"z\":-5.79883E-09,\"w\":0.9962011}},{\"Id\":63,\"Pos\":{\"x\":-1610.0686,\"y\":15.3960743,\"z\":450.92334},\"Rot\":{\"y\":0.380573153,\"w\":-0.9247508},\"Added\":7},{\"Id\":39,\"Pos\":{\"x\":-1620.28137,\"y\":20.9343166,\"z\":439.308},\"Rot\":{\"y\":0.932847857,\"w\":0.3602706},\"Added\":8}]}"}}