{"Version":"0.0.0","Data":{"ScrewStructureNodeInstances":"{\"_structures\":[{\"Id\":53,\"Pos\":{\"x\":-442.8204,\"y\":78.8751144,\"z\":713.1282},\"Rot\":{\"y\":1.0}},{\"Id\":22,\"Pos\":{\"x\":-1621.96228,\"y\":18.2320576,\"z\":433.475525},\"Rot\":{\"y\":0.5636782,\"w\":-0.8259945},\"Added\":1},{\"Id\":63,\"Pos\":{\"x\":-1630.14929,\"y\":14.7509232,\"z\":450.1734},\"Rot\":{\"y\":-0.64572686,\"w\":-0.763568461}},{\"Id\":39,\"Pos\":{\"x\":-1616.87292,\"y\":20.9345112,\"z\":446.2617},\"Rot\":{\"y\":0.8584229,\"w\":0.5129426},\"Added\":3}]}"}}