{"Version":"0.0.0","Data":{"ScrewStructureInstances":"{\"_structures\":[{\"Id\":53,\"Pos\":{\"x\":-1117.96387,\"y\":37.99193,\"z\":1630.32263},\"Rot\":{\"x\":-0.365999341,\"y\":0.0697636,\"z\":0.0275266878,\"w\":0.9275882},\"Storages\":[]},{\"Id\":61,\"Pos\":{\"x\":-1117.99048,\"y\":38.56372,\"z\":1628.24963},\"Rot\":{\"x\":0.02821348,\"y\":0.910788238,\"z\":0.407042354,\"w\":-0.063129805},\"Storages\":[{\"Version\":\"0.0.0\",\"ItemBlocks\":[{\"ItemId\":650,\"TotalCount\":1,\"UniqueItems\":[]}]}]},{\"Id\":61,\"Pos\":{\"x\":-1123.91748,\"y\":39.6793175,\"z\":1627.757},\"Rot\":{\"x\":-2.98016278E-08,\"y\":-1.180112E-06,\"z\":-3.516926E-14,\"w\":1.0},\"Storages\":[{\"Version\":\"0.0.0\",\"ItemBlocks\":[{\"ItemId\":650,\"TotalCount\":1,\"UniqueItems\":[]}]}]},{\"Id\":53,\"Pos\":{\"x\":-1614.0304,\"y\":19.8208332,\"z\":431.232056},\"Rot\":{\"x\":-0.104726844,\"y\":-0.359749079,\"z\":-0.04067472,\"w\":0.9262605},\"Storages\":[]},{\"Id\":53,\"Pos\":{\"x\":-1611.5238,\"y\":20.576,\"z\":436.0922},\"Rot\":{\"x\":0.277778834,\"y\":-0.4180136,\"z\":0.135937676,\"w\":0.854180634},\"Storages\":[]},{\"Id\":61,\"Pos\":{\"x\":-1612.461,\"y\":20.82666,\"z\":432.7569},\"Rot\":{\"x\":0.021009082,\"y\":-0.4820961,\"z\":0.0115648685,\"w\":0.87579006},\"Storages\":[{\"Version\":\"0.0.0\",\"ItemBlocks\":[{\"ItemId\":482,\"TotalCount\":1,\"UniqueItems\":[{\"Modules\":[{\"SourceActorType\":12,\"Version\":\"0.0.0\",\"ModuleId\":1},{\"CurrentState\":3,\"TimeRemainingInState\":-13314.9014,\"Version\":\"0.0.0\",\"ModuleId\":3}]}]}]}]},{\"Id\":40,\"Pos\":{\"x\":-1622.61023,\"y\":15.6231318,\"z\":430.27063},\"Rot\":{\"x\":-0.0599438846,\"y\":-0.875471056,\"z\":-0.0590866953,\"w\":0.475884438},\"Storages\":[]},{\"Id\":47,\"Pos\":{\"x\":1819.03088,\"y\":16.41116,\"z\":1496.1427},\"Rot\":{\"y\":0.459896982,\"w\":0.8879723},\"Storages\":[]},{\"Id\":47,\"Pos\":{\"x\":-409.746521,\"y\":16.1907,\"z\":1394.4917},\"Rot\":{\"x\":-0.08666116,\"y\":-0.8847082,\"z\":0.13128975,\"w\":-0.4387987},\"Storages\":[]},{\"Id\":55,\"Pos\":{\"x\":-1246.55627,\"y\":149.538055,\"z\":-311.64386},\"Rot\":{\"x\":-0.0734401,\"y\":0.8179651,\"z\":0.107193656,\"w\":0.560401},\"Storages\":[]},{\"Id\":55,\"Pos\":{\"x\":-1245.8927,\"y\":149.0142,\"z\":-310.5446},\"Rot\":{\"x\":0.01587655,\"y\":0.3846516,\"z\":-0.00661711,\"w\":0.9229016},\"Storages\":[]},{\"Id\":55,\"Pos\":{\"x\":-1266.596,\"y\":131.935516,\"z\":-198.635223},\"Rot\":{\"x\":0.08689967,\"y\":-0.113966927,\"z\":0.0100075053,\"w\":0.9896261},\"Storages\":[]},{\"Id\":29,\"Pos\":{\"x\":-617.438965,\"y\":320.0705,\"z\":-555.839966},\"Rot\":{\"x\":-0.0286199134,\"y\":-0.9486953,\"z\":-0.0440045372,\"w\":-0.311803967},\"Storages\":[{\"Version\":\"0.0.0\",\"ItemBlocks\":[]}]},{\"Id\":55,\"Pos\":{\"x\":-650.182861,\"y\":299.825226,\"z\":-622.110962},\"Rot\":{\"x\":-0.0645668656,\"y\":0.9219882,\"z\":-0.17559287,\"w\":-0.339022279},\"Storages\":[]},{\"Id\":37,\"Pos\":{\"x\":-614.5973,\"y\":318.7862,\"z\":-573.0872},\"Rot\":{\"x\":-0.0786054358,\"y\":-0.464353949,\"z\":-0.02437616,\"w\":0.8818177},\"Storages\":[{\"Version\":\"0.0.0\",\"ItemBlocks\":[]}]},{\"Id\":37,\"Pos\":{\"x\":-612.8967,\"y\":319.329071,\"z\":-570.312866},\"Rot\":{\"x\":0.0318305381,\"y\":-0.850743949,\"z\":-0.0158784259,\"w\":-0.5243753},\"Storages\":[{\"Version\":\"0.0.0\",\"ItemBlocks\":[{\"ItemId\":78,\"TotalCount\":6,\"UniqueItems\":[]}]}]},{\"Id\":22,\"Pos\":{\"x\":-621.2156,\"y\":321.394531,\"z\":-568.0864},\"Rot\":{\"x\":-0.00444488041,\"y\":0.929390967,\"z\":0.0118527319,\"w\":0.368879735},\"Storages\":[]},{\"Id\":24,\"Pos\":{\"x\":-618.256653,\"y\":323.86792,\"z\":-565.161},\"Rot\":{\"y\":0.9202449,\"w\":0.3913431},\"Storages\":[]},{\"Id\":51,\"Pos\":{\"x\":-621.4879,\"y\":322.85376,\"z\":-568.253845},\"Rot\":{\"x\":0.0284770038,\"y\":0.403631717,\"z\":-0.0125703448,\"w\":0.9143919},\"Storages\":[{\"Version\":\"0.0.0\",\"ItemBlocks\":[{\"ItemId\":502,\"TotalCount\":5,\"UniqueItems\":[]}]},{\"Version\":\"0.0.0\",\"ItemBlocks\":[{\"ItemId\":496,\"TotalCount\":9,\"UniqueItems\":[]}]},{\"Version\":\"0.0.0\",\"ItemBlocks\":[{\"ItemId\":410,\"TotalCount\":9,\"UniqueItems\":[]}]},{\"Version\":\"0.0.0\",\"ItemBlocks\":[{\"ItemId\":527,\"TotalCount\":4,\"UniqueItems\":[]}]}]},{\"Id\":20,\"Pos\":{\"x\":-619.9426,\"y\":324.104248,\"z\":-567.5572},\"Rot\":{\"x\":0.011785469,\"y\":-0.35428977,\"z\":0.004631304,\"w\":0.93505},\"Storages\":[]},{\"Id\":61,\"Pos\":{\"x\":-1624.783,\"y\":17.6254044,\"z\":429.398743},\"Rot\":{\"x\":-5.002123E-13,\"y\":1.0,\"z\":5.963981E-08,\"w\":8.387221E-06},\"Storages\":[{\"Version\":\"0.0.0\",\"ItemBlocks\":[{\"ItemId\":648,\"TotalCount\":1,\"UniqueItems\":[]}]}]},{\"Id\":61,\"Pos\":{\"x\":-1622.92383,\"y\":18.1216679,\"z\":427.729858},\"Rot\":{\"x\":1.49012021E-08,\"y\":-0.70710665,\"z\":1.49011967E-08,\"w\":0.7071069},\"Storages\":[{\"Version\":\"0.0.0\",\"ItemBlocks\":[{\"ItemId\":643,\"TotalCount\":1,\"UniqueItems\":[]}]}]},{\"Id\":61,\"Pos\":{\"x\":-1627.10156,\"y\":18.1385117,\"z\":430.7352},\"Rot\":{\"x\":-4.171877E-13,\"y\":1.0,\"z\":5.962911E-08,\"w\":6.996376E-06},\"Storages\":[{\"Version\":\"0.0.0\",\"ItemBlocks\":[{\"ItemId\":644,\"TotalCount\":1,\"UniqueItems\":[]}]}]},{\"Id\":63,\"Pos\":{\"x\":-1632.647,\"y\":14.71069,\"z\":450.622375},\"Rot\":{\"y\":-0.9019963,\"w\":0.431743741},\"Storages\":[]},{\"Id\":31,\"Pos\":{\"x\":-1625.25549,\"y\":15.7520275,\"z\":432.023621},\"Rot\":{\"x\":0.0101412181,\"y\":-0.9280232,\"z\":-0.0587910824,\"w\":0.367714137},\"Storages\":[{\"Version\":\"0.0.0\",\"ItemBlocks\":[{\"ItemId\":393,\"TotalCount\":3,\"UniqueItems\":[]}]}]},{\"Id\":29,\"Pos\":{\"x\":-1624.10217,\"y\":15.7461729,\"z\":431.37735},\"Rot\":{\"x\":-0.0200062077,\"y\":-0.9285207,\"z\":-0.04572085,\"w\":0.367911249},\"Storages\":[{\"Version\":\"0.0.0\",\"ItemBlocks\":[]}]},{\"Id\":37,\"Pos\":{\"x\":-1626.9137,\"y\":15.150198,\"z\":436.080444},\"Rot\":{\"x\":0.0278699622,\"y\":-0.8147166,\"z\":-0.0800150558,\"w\":0.573635638},\"Storages\":[{\"Version\":\"0.0.0\",\"ItemBlocks\":[]}]},{\"Id\":62,\"Pos\":{\"x\":-1626.47107,\"y\":15.58629,\"z\":433.4801},\"Rot\":{\"x\":-0.05661128,\"y\":-0.50243336,\"z\":-0.0188237019,\"w\":-0.8625553},\"Storages\":[{\"Version\":\"0.0.0\",\"ItemBlocks\":[]}]},{\"Id\":53,\"Pos\":{\"x\":-1611.81958,\"y\":21.5059624,\"z\":436.099518},\"Rot\":{\"x\":-0.144624233,\"y\":-0.7242881,\"z\":-0.159944847,\"w\":0.6549109},\"Storages\":[]},{\"Id\":53,\"Pos\":{\"x\":-1198.692,\"y\":61.4978943,\"z\":78.15704},\"Rot\":{\"x\":5.180234E-08,\"y\":0.0861210153,\"z\":-4.477907E-09,\"w\":0.9962847},\"Storages\":[]},{\"Id\":61,\"Pos\":{\"x\":-1617.23938,\"y\":17.29257,\"z\":450.813934},\"Rot\":{\"x\":5.96046377E-08,\"w\":1.0},\"Storages\":[{\"Version\":\"0.0.0\",\"ItemBlocks\":[{\"ItemId\":482,\"TotalCount\":1,\"UniqueItems\":[{\"Modules\":[{\"SourceActorType\":12,\"Version\":\"0.0.0\",\"ModuleId\":1},{\"CurrentState\":3,\"TimeRemainingInState\":-15590.8809,\"Version\":\"0.0.0\",\"ModuleId\":3}]}]}]}]},{\"Id\":61,\"Pos\":{\"x\":-1618.25281,\"y\":17.2716,\"z\":451.683929},\"Rot\":{\"x\":5.96046377E-08,\"w\":1.0},\"Storages\":[{\"Version\":\"0.0.0\",\"ItemBlocks\":[{\"ItemId\":651,\"TotalCount\":1,\"UniqueItems\":[]}]}]},{\"Id\":61,\"Pos\":{\"x\":-1614.32727,\"y\":17.4835835,\"z\":449.3645},\"Rot\":{\"x\":5.71614862E-08,\"y\":0.128418148,\"z\":-7.40185957E-09,\"w\":0.99172014},\"Storages\":[{\"Version\":\"0.0.0\",\"ItemBlocks\":[{\"ItemId\":648,\"TotalCount\":1,\"UniqueItems\":[]}]}]},{\"Id\":61,\"Pos\":{\"x\":-1615.2229,\"y\":17.4779663,\"z\":449.7796},\"Rot\":{\"x\":5.96046377E-08,\"y\":4.21468478E-08,\"z\":-2.51214768E-15,\"w\":1.0},\"Storages\":[{\"Version\":\"0.0.0\",\"ItemBlocks\":[{\"ItemId\":647,\"TotalCount\":1,\"UniqueItems\":[]}]}]},{\"Id\":45,\"Pos\":{\"x\":-1625.01074,\"y\":14.7793865,\"z\":457.300873},\"Rot\":{\"x\":-0.0117134023,\"y\":0.99781245,\"z\":-0.000763720658,\"w\":-0.0650578737},\"Storages\":[]},{\"Id\":21,\"Pos\":{\"x\":-1625.85352,\"y\":14.7595587,\"z\":457.219879},\"Rot\":{\"x\":-0.012181649,\"y\":0.9978069,\"z\":-0.000794249645,\"w\":-0.06505751},\"Storages\":[]},{\"Id\":47,\"Pos\":{\"x\":-618.3092,\"y\":320.094421,\"z\":-558.177856},\"Rot\":{\"x\":-0.06541111,\"y\":0.7532975,\"z\":-0.05545527,\"w\":0.652065158},\"Storages\":[]},{\"Id\":25,\"Pos\":{\"x\":-620.6891,\"y\":324.0793,\"z\":-566.905151},\"Rot\":{\"x\":0.004826525,\"y\":-0.940808654,\"z\":-0.0117068756,\"w\":-0.338701636},\"Storages\":[]},{\"Id\":55,\"Pos\":{\"x\":-544.4189,\"y\":193.521149,\"z\":146.3273},\"Rot\":{\"x\":-0.0310266223,\"y\":0.948574662,\"z\":0.0983369052,\"w\":0.2992881},\"Storages\":[]},{\"Id\":21,\"Pos\":{\"x\":-1621.63647,\"y\":14.8358078,\"z\":460.7531},\"Rot\":{\"x\":-0.000663,\"y\":0.0543067679,\"z\":0.0121894963,\"w\":0.9984497},\"Storages\":[]},{\"Id\":53,\"Pos\":{\"x\":-1615.201,\"y\":17.072958,\"z\":449.745758},\"Rot\":{\"x\":5.96046377E-08,\"y\":4.21468478E-08,\"z\":-2.51214768E-15,\"w\":1.0},\"Storages\":[]},{\"Id\":45,\"Pos\":{\"x\":-1470.90674,\"y\":17.7302227,\"z\":428.868042},\"Rot\":{\"x\":0.0437110327,\"y\":-0.7958056,\"z\":-0.0151599674,\"w\":0.6037823},\"Storages\":[]},{\"Id\":55,\"Pos\":{\"x\":-1539.50061,\"y\":27.09663,\"z\":436.361938},\"Rot\":{\"x\":0.0298417117,\"y\":0.7488843,\"z\":-0.0338009261,\"w\":0.6611651},\"Storages\":[]},{\"Id\":45,\"Pos\":{\"x\":-1619.86511,\"y\":14.8975821,\"z\":461.0669},\"Rot\":{\"x\":-0.003955205,\"y\":-0.943108737,\"z\":0.0112263234,\"w\":0.332271546},\"Storages\":[]},{\"Id\":37,\"Pos\":{\"x\":-1591.21375,\"y\":27.8509445,\"z\":433.7468},\"Rot\":{\"x\":0.0583941266,\"z\":0.012229139,\"w\":0.9982187},\"Storages\":[{\"Version\":\"0.0.0\",\"ItemBlocks\":[]}]},{\"Id\":37,\"Pos\":{\"x\":-1587.28955,\"y\":27.8019466,\"z\":433.6279},\"Rot\":{\"x\":-0.046797704,\"z\":-0.04649203,\"w\":0.997821867},\"Storages\":[{\"Version\":\"0.0.0\",\"ItemBlocks\":[]}]},{\"Id\":53,\"Pos\":{\"x\":-1601.0896,\"y\":31.0714188,\"z\":439.945038},\"Rot\":{\"y\":0.932564,\"w\":0.3610047},\"Storages\":[]},{\"Id\":45,\"Pos\":{\"x\":-487.188965,\"y\":86.40321,\"z\":724.408569},\"Rot\":{\"x\":-0.0568631,\"z\":-0.0116280271,\"w\":0.998314261},\"Storages\":[]},{\"Id\":61,\"Pos\":{\"x\":-1019.39209,\"y\":64.53006,\"z\":1030.70984},\"Rot\":{\"y\":-5.96046377E-08,\"w\":1.0},\"Storages\":[{\"Version\":\"0.0.0\",\"ItemBlocks\":[{\"ItemId\":643,\"TotalCount\":1,\"UniqueItems\":[]}]}]},{\"Id\":45,\"Pos\":{\"x\":-905.4511,\"y\":58.3726463,\"z\":1019.82483},\"Rot\":{\"w\":1.0},\"Storages\":[]},{\"Id\":55,\"Pos\":{\"x\":-672.685669,\"y\":55.4985733,\"z\":1154.208},\"Rot\":{\"x\":0.2429545,\"y\":-0.372540355,\"z\":0.101713635,\"w\":0.88985455},\"Storages\":[]},{\"Id\":53,\"Pos\":{\"x\":-415.127869,\"y\":78.3777,\"z\":712.880249},\"Rot\":{\"y\":-0.7071068,\"w\":0.7071068},\"Storages\":[]},{\"Id\":53,\"Pos\":{\"x\":-427.703857,\"y\":78.50869,\"z\":713.1305},\"Rot\":{\"y\":1.0},\"Storages\":[]},{\"Id\":53,\"Pos\":{\"x\":-441.7628,\"y\":78.4528656,\"z\":713.130737},\"Rot\":{\"y\":1.0},\"Storages\":[]},{\"Id\":53,\"Pos\":{\"x\":-453.538147,\"y\":78.72372,\"z\":711.070862},\"Rot\":{\"w\":1.0},\"Storages\":[]},{\"Id\":53,\"Pos\":{\"x\":-479.1676,\"y\":79.63965,\"z\":707.796},\"Rot\":{\"y\":4.371139E-08,\"w\":1.0},\"Storages\":[]},{\"Id\":53,\"Pos\":{\"x\":-474.469147,\"y\":79.97027,\"z\":710.803345},\"Rot\":{\"y\":-5.96046377E-08,\"w\":1.0},\"Storages\":[]},{\"Id\":54,\"Pos\":{\"x\":-429.821533,\"y\":80.31298,\"z\":705.854065},\"Rot\":{\"w\":1.0},\"Storages\":[]},{\"Id\":53,\"Pos\":{\"x\":509.783569,\"y\":18.43898,\"z\":1211.92371},\"Rot\":{\"x\":-0.228789687,\"y\":-0.372762084,\"z\":-0.095373936,\"w\":0.8942078},\"Storages\":[]},{\"Id\":53,\"Pos\":{\"x\":1225.49109,\"y\":240.673737,\"z\":-649.9547},\"Rot\":{\"x\":-0.221651524,\"y\":0.327486366,\"z\":0.07932598,\"w\":0.9150578},\"Storages\":[]},{\"Id\":53,\"Pos\":{\"x\":1218.39893,\"y\":237.224457,\"z\":-646.8633},\"Rot\":{\"x\":-0.0233536288,\"y\":0.9427173,\"z\":0.06756588,\"w\":0.325843},\"Storages\":[]},{\"Id\":53,\"Pos\":{\"x\":1212.77539,\"y\":233.6797,\"z\":-654.005737},\"Rot\":{\"x\":0.0715928152,\"y\":0.7919099,\"z\":-0.0946503654,\"w\":0.5989946},\"Storages\":[]},{\"Id\":53,\"Pos\":{\"x\":1214.783,\"y\":233.817581,\"z\":-644.7069},\"Rot\":{\"x\":0.0456121825,\"y\":0.886752367,\"z\":0.08964883,\"w\":-0.451168358},\"Storages\":[]},{\"Id\":53,\"Pos\":{\"x\":1211.83264,\"y\":234.07103,\"z\":-639.637634},\"Rot\":{\"x\":-0.0235575829,\"y\":0.9349642,\"z\":0.0632438138,\"w\":0.3482632},\"Storages\":[]},{\"Id\":63,\"Pos\":{\"x\":-1620.07776,\"y\":14.8954659,\"z\":462.5942},\"Rot\":{\"y\":-0.219126821,\"w\":0.9756964},\"Storages\":[]},{\"Id\":61,\"Pos\":{\"x\":-1591.87915,\"y\":30.4648266,\"z\":425.2397},\"Rot\":{\"x\":-2.67019367E-08,\"y\":0.961248755,\"z\":9.31042E-08,\"w\":0.275682569},\"Storages\":[{\"Version\":\"0.0.0\",\"ItemBlocks\":[{\"ItemId\":652,\"TotalCount\":1,\"UniqueItems\":[]}]}]},{\"Id\":53,\"Pos\":{\"x\":-1591.89551,\"y\":29.8047371,\"z\":425.2768},\"Rot\":{\"x\":-2.67019367E-08,\"y\":0.961248755,\"z\":9.31042E-08,\"w\":0.275682569},\"Storages\":[]},{\"Id\":45,\"Pos\":{\"x\":-1584.35974,\"y\":27.7471142,\"z\":420.337036},\"Rot\":{\"x\":0.0151826013,\"y\":-0.2189286,\"z\":-0.0397214852,\"w\":0.9748138},\"Storages\":[]},{\"Id\":45,\"Pos\":{\"x\":-1585.24072,\"y\":27.8180275,\"z\":419.897461},\"Rot\":{\"x\":0.0190597475,\"y\":-0.219055936,\"z\":-0.0168389212,\"w\":0.9753808},\"Storages\":[]},{\"Id\":45,\"Pos\":{\"x\":-1586.1228,\"y\":27.8720512,\"z\":419.544},\"Rot\":{\"x\":0.04293237,\"y\":-0.2188709,\"z\":-0.0221676975,\"w\":0.9745568},\"Storages\":[]},{\"Id\":45,\"Pos\":{\"x\":-1587.05151,\"y\":27.928091,\"z\":419.257935},\"Rot\":{\"x\":0.0315891244,\"y\":-0.218975291,\"z\":-0.0196141489,\"w\":0.97502166},\"Storages\":[]},{\"Id\":45,\"Pos\":{\"x\":-1587.98364,\"y\":27.9738255,\"z\":418.927917},\"Rot\":{\"x\":0.04293353,\"y\":-0.218870878,\"z\":-0.0221682955,\"w\":0.974556744},\"Storages\":[]},{\"Id\":53,\"Pos\":{\"x\":-1595.95837,\"y\":36.1307259,\"z\":431.068146},\"Rot\":{\"x\":-2.21985488E-06,\"y\":0.872766,\"z\":-3.96898167E-06,\"w\":-0.488138765},\"Storages\":[]},{\"Id\":53,\"Pos\":{\"x\":-1592.36926,\"y\":38.76846,\"z\":425.322449},\"Rot\":{\"x\":-3.48299068E-07,\"y\":0.875056744,\"z\":-6.296872E-07,\"w\":-0.484020382},\"Storages\":[]},{\"Id\":53,\"Pos\":{\"x\":-1595.33643,\"y\":41.5107346,\"z\":431.465851},\"Rot\":{\"x\":-3.87781665E-06,\"y\":0.4880474,\"z\":2.168333E-06,\"w\":0.872817159},\"Storages\":[]},{\"Id\":53,\"Pos\":{\"x\":-1592.36743,\"y\":44.2184944,\"z\":425.3075},\"Rot\":{\"x\":-4.138751E-07,\"y\":0.875056744,\"z\":-7.482417E-07,\"w\":-0.484020352},\"Storages\":[]},{\"Id\":53,\"Pos\":{\"x\":-1595.34216,\"y\":46.93293,\"z\":431.494141},\"Rot\":{\"x\":-4.503868E-06,\"y\":0.488069981,\"z\":2.51855113E-06,\"w\":0.8728045},\"Storages\":[]},{\"Id\":53,\"Pos\":{\"x\":-1592.408,\"y\":49.56065,\"z\":425.364136},\"Rot\":{\"x\":-6.762755E-08,\"y\":0.875044048,\"z\":-1.2225577E-07,\"w\":-0.4840433},\"Storages\":[]},{\"Id\":45,\"Pos\":{\"x\":-1588.91675,\"y\":28.0306072,\"z\":418.5454},\"Rot\":{\"x\":0.0459029265,\"y\":-0.2188842,\"z\":-0.0103091113,\"w\":0.974616051},\"Storages\":[]},{\"Id\":45,\"Pos\":{\"x\":-1589.86707,\"y\":28.0611649,\"z\":418.220764},\"Rot\":{\"x\":0.0459039025,\"y\":-0.21888417,\"z\":-0.01030933,\"w\":0.974616},\"Storages\":[]},{\"Id\":45,\"Pos\":{\"x\":-1591.57434,\"y\":28.11522,\"z\":417.4581},\"Rot\":{\"x\":0.04826094,\"y\":-0.205537617,\"z\":0.00234035775,\"w\":0.977455735},\"Storages\":[]},{\"Id\":55,\"Pos\":{\"x\":-1608.51208,\"y\":43.0009422,\"z\":438.261536},\"Rot\":{\"x\":0.335722238,\"y\":-0.407892555,\"z\":0.164392024,\"w\":0.833000362},\"Storages\":[]},{\"Id\":37,\"Pos\":{\"x\":-1624.22925,\"y\":20.5921173,\"z\":448.161},\"Rot\":{\"x\":0.0165665783,\"y\":-0.367749631,\"z\":-0.006197411,\"w\":-0.929756641},\"Storages\":[{\"Version\":\"0.0.0\",\"ItemBlocks\":[]}]},{\"Id\":53,\"Pos\":{\"x\":-1592.40149,\"y\":55.0665741,\"z\":425.347656},\"Rot\":{\"x\":-6.34670059E-08,\"y\":0.8750399,\"z\":-1.14732082E-07,\"w\":-0.48405087},\"Storages\":[]},{\"Id\":51,\"Pos\":{\"x\":-1611.86707,\"y\":19.7658215,\"z\":443.251},\"Rot\":{\"x\":-0.018211443,\"y\":-0.5475223,\"z\":-0.0119199948,\"w\":0.836508036},\"Storages\":[{\"Version\":\"0.0.0\",\"ItemBlocks\":[{\"ItemId\":421,\"TotalCount\":4,\"UniqueItems\":[]}]},{\"Version\":\"0.0.0\",\"ItemBlocks\":[{\"ItemId\":421,\"TotalCount\":1,\"UniqueItems\":[]}]},{\"Version\":\"0.0.0\",\"ItemBlocks\":[{\"ItemId\":571,\"TotalCount\":7,\"UniqueItems\":[]}]},{\"Version\":\"0.0.0\",\"ItemBlocks\":[{\"ItemId\":437,\"TotalCount\":1,\"UniqueItems\":[]}]}]},{\"Id\":62,\"Pos\":{\"x\":-1470.41235,\"y\":17.8528786,\"z\":427.578064},\"Rot\":{\"x\":0.0320678949,\"z\":0.0219895318,\"w\":0.9992438},\"Storages\":[{\"Version\":\"0.0.0\",\"ItemBlocks\":[{\"ItemId\":640,\"TotalCount\":15,\"UniqueItems\":[]}]}]},{\"Id\":45,\"Pos\":{\"x\":-1469.623,\"y\":18.30029,\"z\":425.9154},\"Rot\":{\"x\":0.119457528,\"y\":-0.6270602,\"z\":-0.04996399,\"w\":0.7681336},\"Storages\":[]},{\"Id\":62,\"Pos\":{\"x\":-1622.38538,\"y\":17.9258671,\"z\":457.054871},\"Rot\":{\"y\":-0.992417,\"w\":0.12291687},\"Storages\":[{\"Version\":\"0.0.0\",\"ItemBlocks\":[]}]},{\"Id\":55,\"Pos\":{\"x\":-1547.94092,\"y\":20.267643,\"z\":443.09137},\"Rot\":{\"x\":0.003920116,\"y\":-0.644014955,\"z\":0.00330016576,\"w\":0.764995754},\"Storages\":[]},{\"Id\":49,\"Pos\":{\"x\":-1614.90967,\"y\":18.23445,\"z\":445.405548},\"Rot\":{\"y\":-0.9812927,\"w\":0.192521945},\"Storages\":[{\"Version\":\"0.0.0\",\"ItemBlocks\":[{\"ItemId\":496,\"TotalCount\":1,\"UniqueItems\":[]}]},{\"Version\":\"0.0.0\",\"ItemBlocks\":[{\"ItemId\":496,\"TotalCount\":1,\"UniqueItems\":[]}]},{\"Version\":\"0.0.0\",\"ItemBlocks\":[{\"ItemId\":496,\"TotalCount\":1,\"UniqueItems\":[]}]},{\"Version\":\"0.0.0\",\"ItemBlocks\":[{\"ItemId\":496,\"TotalCount\":1,\"UniqueItems\":[]}]},{\"Version\":\"0.0.0\",\"ItemBlocks\":[{\"ItemId\":496,\"TotalCount\":16,\"UniqueItems\":[]}]},{\"Version\":\"0.0.0\",\"ItemBlocks\":[{\"ItemId\":496,\"TotalCount\":1,\"UniqueItems\":[]}]},{\"Version\":\"0.0.0\",\"ItemBlocks\":[{\"ItemId\":496,\"TotalCount\":1,\"UniqueItems\":[]}]},{\"Version\":\"0.0.0\",\"ItemBlocks\":[{\"ItemId\":496,\"TotalCount\":1,\"UniqueItems\":[]}]},{\"Version\":\"0.0.0\",\"ItemBlocks\":[{\"ItemId\":496,\"TotalCount\":1,\"UniqueItems\":[]}]},{\"Version\":\"0.0.0\",\"ItemBlocks\":[{\"ItemId\":496,\"TotalCount\":1,\"UniqueItems\":[]}]},{\"Version\":\"0.0.0\",\"ItemBlocks\":[{\"ItemId\":496,\"TotalCount\":1,\"UniqueItems\":[]}]},{\"Version\":\"0.0.0\",\"ItemBlocks\":[{\"ItemId\":496,\"TotalCount\":1,\"UniqueItems\":[]}]}]},{\"Id\":64,\"Pos\":{\"x\":-1612.06982,\"y\":15.0351439,\"z\":464.963165},\"Rot\":{\"x\":0.0135717867,\"y\":-0.9811637,\"z\":-0.008872597,\"w\":0.192496628},\"Storages\":[]},{\"Id\":53,\"Pos\":{\"x\":-1592.39771,\"y\":33.48905,\"z\":425.351044},\"Rot\":{\"x\":-4.09611431E-07,\"y\":0.8750525,\"z\":-7.40518033E-07,\"w\":-0.484028},\"Storages\":[]},{\"Id\":53,\"Pos\":{\"x\":-1595.32568,\"y\":36.13674,\"z\":431.440674},\"Rot\":{\"x\":-3.96898167E-06,\"y\":0.488138765,\"z\":2.21985488E-06,\"w\":0.872766},\"Storages\":[]},{\"Id\":53,\"Pos\":{\"x\":-1595.28638,\"y\":52.33427,\"z\":431.3997},\"Rot\":{\"x\":-4.18167474E-06,\"y\":0.4883521,\"z\":2.34015624E-06,\"w\":0.872646749},\"Storages\":[]},{\"Id\":55,\"Pos\":{\"x\":-1574.47534,\"y\":43.3784523,\"z\":424.309875},\"Rot\":{\"x\":0.165148,\"y\":0.7765343,\"z\":-0.227414533,\"w\":0.563917756},\"Storages\":[]},{\"Id\":37,\"Pos\":{\"x\":-1595.46667,\"y\":55.2672653,\"z\":430.706665},\"Rot\":{\"y\":-0.288485438,\"w\":0.9574843},\"Storages\":[{\"Version\":\"0.0.0\",\"ItemBlocks\":[]}]},{\"Id\":53,\"Pos\":{\"x\":-1614.00061,\"y\":19.7379456,\"z\":444.722565},\"Rot\":{\"y\":0.9801951,\"w\":-0.198034286},\"Storages\":[]},{\"Id\":36,\"Pos\":{\"x\":-1618.05347,\"y\":18.2337284,\"z\":443.7009},\"Rot\":{\"y\":0.8276525,\"w\":0.5612409},\"Storages\":[{\"Version\":\"0.0.0\",\"ItemBlocks\":[{\"ItemId\":593,\"TotalCount\":1,\"UniqueItems\":[]}]},{\"Version\":\"0.0.0\",\"ItemBlocks\":[{\"ItemId\":519,\"TotalCount\":1,\"UniqueItems\":[]}]},{\"Version\":\"0.0.0\",\"ItemBlocks\":[{\"ItemId\":593,\"TotalCount\":1,\"UniqueItems\":[]}]},{\"Version\":\"0.0.0\",\"ItemBlocks\":[{\"ItemId\":593,\"TotalCount\":1,\"UniqueItems\":[]}]},{\"Version\":\"0.0.0\",\"ItemBlocks\":[{\"ItemId\":593,\"TotalCount\":1,\"UniqueItems\":[]}]},{\"Version\":\"0.0.0\",\"ItemBlocks\":[{\"ItemId\":593,\"TotalCount\":1,\"UniqueItems\":[]}]},{\"Version\":\"0.0.0\",\"ItemBlocks\":[{\"ItemId\":593,\"TotalCount\":1,\"UniqueItems\":[]}]},{\"Version\":\"0.0.0\",\"ItemBlocks\":[{\"ItemId\":519,\"TotalCount\":1,\"UniqueItems\":[]}]},{\"Version\":\"0.0.0\",\"ItemBlocks\":[{\"ItemId\":593,\"TotalCount\":1,\"UniqueItems\":[]}]},{\"Version\":\"0.0.0\",\"ItemBlocks\":[{\"ItemId\":554,\"TotalCount\":1,\"UniqueItems\":[]}]}]},{\"Id\":45,\"Pos\":{\"x\":-1590.74158,\"y\":28.1036,\"z\":417.769928},\"Rot\":{\"x\":0.0462141447,\"y\":-0.187035576,\"z\":-0.008809071,\"w\":0.981225967},\"Storages\":[]},{\"Id\":56,\"Pos\":{\"x\":-1625.1991,\"y\":15.0902424,\"z\":435.8585},\"Rot\":{\"x\":0.0644812062,\"y\":-0.18673186,\"z\":-0.035965547,\"w\":0.979632556},\"Storages\":[]},{\"Id\":54,\"Pos\":{\"x\":-1618.66089,\"y\":18.0090141,\"z\":441.1194},\"Rot\":{\"y\":-0.18724291,\"w\":0.982313633},\"Storages\":[]},{\"Id\":25,\"Pos\":{\"x\":-1626.58789,\"y\":14.9175034,\"z\":439.3513},\"Rot\":{\"y\":-0.6983635,\"w\":-0.7157433},\"Storages\":[]},{\"Id\":32,\"Pos\":{\"x\":-1626.451,\"y\":15.03768,\"z\":441.654083},\"Rot\":{\"x\":0.000397296622,\"y\":-0.6974932,\"z\":0.0499060079,\"w\":-0.7148514},\"Storages\":[{\"Version\":\"0.0.0\",\"ItemBlocks\":[{\"ItemId\":405,\"TotalCount\":32,\"UniqueItems\":[]}]}]},{\"Id\":32,\"Pos\":{\"x\":-1626.3949,\"y\":14.947011,\"z\":440.566284},\"Rot\":{\"x\":0.008930368,\"y\":-0.697744131,\"z\":0.0411492959,\"w\":-0.7151085},\"Storages\":[{\"Version\":\"0.0.0\",\"ItemBlocks\":[{\"ItemId\":405,\"TotalCount\":1,\"UniqueItems\":[]}]}]},{\"Id\":61,\"Pos\":{\"x\":-1613.33691,\"y\":19.7757034,\"z\":444.419373},\"Rot\":{\"y\":0.9801951,\"w\":-0.198034286},\"Storages\":[{\"Version\":\"0.0.0\",\"ItemBlocks\":[{\"ItemId\":652,\"TotalCount\":1,\"UniqueItems\":[]}]}]},{\"Id\":53,\"Pos\":{\"x\":-1615.80078,\"y\":19.72769,\"z\":434.004242},\"Rot\":{\"x\":-4.98656618E-08,\"y\":-0.5478035,\"z\":-3.26516343E-08,\"w\":0.836607039},\"Storages\":[]},{\"Id\":53,\"Pos\":{\"x\":-1611.71094,\"y\":19.7074051,\"z\":444.2454},\"Rot\":{\"x\":-0.0152655207,\"y\":0.976087332,\"z\":-0.07297181,\"w\":-0.204195008},\"Storages\":[]},{\"Id\":55,\"Pos\":{\"x\":-1617.81421,\"y\":33.7382431,\"z\":403.199127},\"Rot\":{\"x\":-0.00892386,\"y\":0.9905985,\"z\":0.110734217,\"w\":0.07983047},\"Storages\":[]},{\"Id\":56,\"Pos\":{\"x\":-1625.59912,\"y\":14.99366,\"z\":436.8231},\"Rot\":{\"x\":-0.0159305446,\"y\":0.5631783,\"z\":0.0389775448,\"w\":-0.82526195},\"Storages\":[]},{\"Id\":22,\"Pos\":{\"x\":-1617.88538,\"y\":18.2365685,\"z\":430.82016},\"Rot\":{\"y\":0.5636782,\"w\":-0.8259945},\"Storages\":[]},{\"Id\":22,\"Pos\":{\"x\":-1617.59363,\"y\":18.2365074,\"z\":431.6441},\"Rot\":{\"y\":0.5636782,\"w\":-0.8259945},\"Storages\":[]},{\"Id\":22,\"Pos\":{\"x\":-1619.3634,\"y\":18.2352486,\"z\":431.438629},\"Rot\":{\"y\":0.5636782,\"w\":-0.8259945},\"Storages\":[]},{\"Id\":22,\"Pos\":{\"x\":-1619.02625,\"y\":18.2352333,\"z\":432.251648},\"Rot\":{\"y\":0.5636782,\"w\":-0.8259945},\"Storages\":[]},{\"Id\":22,\"Pos\":{\"x\":-1620.76685,\"y\":18.2337589,\"z\":431.948425},\"Rot\":{\"y\":0.5636782,\"w\":-0.8259945},\"Storages\":[]},{\"Id\":22,\"Pos\":{\"x\":-1620.44006,\"y\":18.23371,\"z\":432.821075},\"Rot\":{\"y\":0.5636782,\"w\":-0.8259945},\"Storages\":[]},{\"Id\":22,\"Pos\":{\"x\":-1622.217,\"y\":18.2319641,\"z\":432.665527},\"Rot\":{\"y\":0.5636782,\"w\":-0.8259945},\"Storages\":[]},{\"Id\":53,\"Pos\":{\"x\":-1618.20471,\"y\":19.7388153,\"z\":443.7555},\"Rot\":{\"x\":0.01302108,\"y\":0.8366415,\"z\":-0.01990734,\"w\":0.547234058},\"Storages\":[]},{\"Id\":39,\"Pos\":{\"x\":-1616.87292,\"y\":20.9345112,\"z\":446.2617},\"Rot\":{\"y\":0.8584229,\"w\":0.5129426},\"Storages\":[]},{\"Id\":22,\"Pos\":{\"x\":-1621.96228,\"y\":18.2320576,\"z\":433.475525},\"Rot\":{\"y\":0.5636782,\"w\":-0.8259945},\"Storages\":[]},{\"Id\":53,\"Pos\":{\"x\":1216.61084,\"y\":218.240128,\"z\":-627.2111},\"Rot\":{\"y\":0.7071067,\"w\":0.7071068},\"Storages\":[]},{\"Id\":53,\"Pos\":{\"x\":1221.31067,\"y\":217.1565,\"z\":-633.7399},\"Rot\":{\"y\":-0.7071067,\"w\":0.7071068},\"Storages\":[]},{\"Id\":45,\"Pos\":{\"x\":1850.82861,\"y\":14.77393,\"z\":144.062012},\"Rot\":{\"z\":-0.0122067267,\"w\":0.9999255},\"Storages\":[]},{\"Id\":45,\"Pos\":{\"x\":1853.08691,\"y\":14.756649,\"z\":143.93486},\"Rot\":{\"y\":0.2469922,\"w\":0.969017446},\"Storages\":[]},{\"Id\":29,\"Pos\":{\"x\":1859.67822,\"y\":14.71069,\"z\":145.217545},\"Rot\":{\"y\":0.286999136,\"w\":0.957930863},\"Storages\":[{\"Version\":\"0.0.0\",\"ItemBlocks\":[{\"ItemId\":392,\"TotalCount\":29,\"UniqueItems\":[]}]}]},{\"Id\":45,\"Pos\":{\"x\":1856.13757,\"y\":14.7336693,\"z\":140.779617},\"Rot\":{\"y\":0.2469922,\"w\":0.969017446},\"Storages\":[]},{\"Id\":63,\"Pos\":{\"x\":1853.46472,\"y\":14.7336693,\"z\":134.207092},\"Rot\":{\"y\":-0.9696006,\"w\":0.244693145},\"Storages\":[]},{\"Id\":55,\"Pos\":{\"x\":400.657623,\"y\":619.2771,\"z\":161.576111},\"Rot\":{\"x\":-0.203402951,\"y\":-0.6258712,\"z\":-0.17376785,\"w\":0.732609868},\"Storages\":[]},{\"Id\":45,\"Pos\":{\"x\":1854.64124,\"y\":14.756649,\"z\":142.727463},\"Rot\":{\"y\":0.2469922,\"w\":0.969017446},\"Storages\":[]},{\"Id\":45,\"Pos\":{\"x\":1855.207,\"y\":14.71069,\"z\":131.758179},\"Rot\":{\"y\":-0.9696006,\"w\":0.244693145},\"Storages\":[]},{\"Id\":45,\"Pos\":{\"x\":1853.53381,\"y\":14.7336693,\"z\":132.9301},\"Rot\":{\"y\":-0.9696006,\"w\":0.244693145},\"Storages\":[]},{\"Id\":45,\"Pos\":{\"x\":1857.73853,\"y\":14.71069,\"z\":139.4105},\"Rot\":{\"y\":0.503442943,\"w\":0.864028454},\"Storages\":[]},{\"Id\":45,\"Pos\":{\"x\":1851.76514,\"y\":14.7336693,\"z\":134.830368},\"Rot\":{\"y\":-0.9696006,\"w\":0.244693145},\"Storages\":[]},{\"Id\":53,\"Pos\":{\"x\":1803.46777,\"y\":14.7546415,\"z\":-65.14313},\"Rot\":{\"y\":0.924684465,\"w\":-0.380734473},\"Storages\":[]},{\"Id\":61,\"Pos\":{\"x\":1946.84753,\"y\":15.808383,\"z\":401.378326},\"Rot\":{\"y\":0.9999982,\"w\":-0.00188820751},\"Storages\":[{\"Version\":\"0.0.0\",\"ItemBlocks\":[{\"ItemId\":651,\"TotalCount\":1,\"UniqueItems\":[]}]}]},{\"Id\":55,\"Pos\":{\"x\":-448.0666,\"y\":79.211,\"z\":712.046},\"Rot\":{\"x\":0.0118126,\"y\":0.7071547,\"z\":-0.0118175,\"w\":0.706861436},\"Storages\":[]},{\"Id\":63,\"Pos\":{\"x\":-1630.14929,\"y\":14.7509232,\"z\":450.1734},\"Rot\":{\"y\":-0.64572686,\"w\":-0.763568461},\"Storages\":[]},{\"Id\":53,\"Pos\":{\"x\":-1624.37561,\"y\":23.0102558,\"z\":450.999176},\"Rot\":{\"x\":-1.89516136E-09,\"y\":0.9134358,\"z\":4.253517E-09,\"w\":0.40698278},\"Storages\":[]},{\"Id\":53,\"Pos\":{\"x\":-1617.96362,\"y\":20.6638012,\"z\":446.047852},\"Rot\":{\"x\":-3.92756249E-07,\"y\":-0.5478326,\"z\":-2.571931E-07,\"w\":0.836587965},\"Storages\":[]},{\"Id\":53,\"Pos\":{\"x\":-1620.5918,\"y\":17.9630623,\"z\":440.03656},\"Rot\":{\"x\":6.08896874E-12,\"y\":-0.5474144,\"z\":3.98296326E-12,\"w\":0.8368617},\"Storages\":[]},{\"Id\":53,\"Pos\":{\"x\":-1627.87268,\"y\":16.8311176,\"z\":440.211456},\"Rot\":{\"x\":4.23521129E-09,\"y\":0.822724462,\"z\":-6.12977447E-09,\"w\":0.568440437},\"Storages\":[]},{\"Id\":53,\"Pos\":{\"x\":-1628.00464,\"y\":16.80657,\"z\":438.229523},\"Rot\":{\"y\":0.7071068,\"w\":0.7071068},\"Storages\":[]},{\"Id\":53,\"Pos\":{\"x\":-1623.395,\"y\":17.646843,\"z\":446.406616},\"Rot\":{\"x\":-2.72221357E-08,\"y\":-0.407010853,\"z\":-1.21298687E-08,\"w\":0.913423359},\"Storages\":[]},{\"Id\":53,\"Pos\":{\"x\":-1628.47681,\"y\":16.6135979,\"z\":449.727173},\"Rot\":{\"x\":-2.26094713E-07,\"y\":0.8651071,\"z\":3.8995438E-07,\"w\":0.5015873},\"Storages\":[]},{\"Id\":53,\"Pos\":{\"x\":-1630.13135,\"y\":16.4428635,\"z\":446.8829},\"Rot\":{\"y\":0.7071068,\"w\":0.7071068},\"Storages\":[]},{\"Id\":53,\"Pos\":{\"x\":-1622.77808,\"y\":17.7564774,\"z\":453.112579},\"Rot\":{\"x\":-1.03330159E-12,\"y\":0.999369562,\"z\":-2.90854823E-11,\"w\":-0.0355039723},\"Storages\":[]},{\"Id\":53,\"Pos\":{\"x\":-1622.355,\"y\":17.13216,\"z\":457.707275},\"Rot\":{\"x\":-0.00475894567,\"y\":0.9905456,\"z\":-0.132397667,\"w\":-0.0356045},\"Storages\":[]},{\"Id\":61,\"Pos\":{\"x\":-1620.30066,\"y\":22.0819359,\"z\":431.506378},\"Rot\":{\"x\":-0.115130864,\"y\":0.203999773,\"z\":0.0241662953,\"w\":0.971877038},\"Storages\":[{\"Version\":\"0.0.0\",\"ItemBlocks\":[{\"ItemId\":642,\"TotalCount\":1,\"UniqueItems\":[]}]}]},{\"Id\":53,\"Pos\":{\"x\":-1620.29675,\"y\":21.5675583,\"z\":431.5089},\"Rot\":{\"x\":-0.0779533,\"y\":0.203078166,\"z\":0.0162212234,\"w\":0.975919843},\"Storages\":[]},{\"Id\":53,\"Pos\":{\"x\":-1619.28088,\"y\":21.00057,\"z\":435.627136},\"Rot\":{\"x\":-4.0786E-09,\"y\":0.836857736,\"z\":6.235076E-09,\"w\":0.5474205},\"Storages\":[]},{\"Id\":53,\"Pos\":{\"x\":-1617.85522,\"y\":20.9603748,\"z\":434.947479},\"Rot\":{\"x\":6.235076E-09,\"y\":-0.547420442,\"z\":4.0786E-09,\"w\":0.836857736},\"Storages\":[]},{\"Id\":24,\"Pos\":{\"x\":-1618.08618,\"y\":23.40819,\"z\":436.360321},\"Rot\":{\"y\":-0.555282235,\"w\":0.83166194},\"Storages\":[]},{\"Id\":53,\"Pos\":{\"x\":-1620.34888,\"y\":22.8493061,\"z\":431.429871},\"Rot\":{\"x\":0.1153462,\"y\":0.202374473,\"z\":-0.0240107439,\"w\":0.972195148},\"Storages\":[]},{\"Id\":25,\"Pos\":{\"x\":-1612.30273,\"y\":18.23081,\"z\":443.6586},\"Rot\":{\"x\":-0.00222726283,\"y\":0.9692499,\"z\":0.0003504026,\"w\":-0.246068344},\"Storages\":[]},{\"Id\":53,\"Pos\":{\"x\":-1613.465,\"y\":19.2830181,\"z\":444.118439},\"Rot\":{\"x\":2.78560979E-08,\"y\":0.9801951,\"z\":1.37877151E-07,\"w\":-0.198034331},\"Storages\":[]},{\"Id\":53,\"Pos\":{\"x\":-1612.71411,\"y\":19.7785816,\"z\":444.230469},\"Rot\":{\"y\":0.9801951,\"w\":-0.198034286},\"Storages\":[]},{\"Id\":53,\"Pos\":{\"x\":-1617.6554,\"y\":19.7594528,\"z\":444.9703},\"Rot\":{\"x\":-0.009421088,\"y\":0.83645165,\"z\":0.0143860942,\"w\":0.5477709},\"Storages\":[]},{\"Id\":53,\"Pos\":{\"x\":-1616.20154,\"y\":19.7129459,\"z\":446.206329},\"Rot\":{\"x\":-0.0122993682,\"y\":0.9771623,\"z\":-0.0589792728,\"w\":-0.203774616},\"Storages\":[]},{\"Id\":53,\"Pos\":{\"x\":-1620.06592,\"y\":20.1216049,\"z\":431.2964},\"Rot\":{\"x\":0.158677191,\"y\":0.201001212,\"z\":-0.033013802,\"w\":0.966090143},\"Storages\":[]},{\"Id\":53,\"Pos\":{\"x\":-1612.5824,\"y\":19.6644249,\"z\":441.2672},\"Rot\":{\"x\":0.109299429,\"y\":-0.542906761,\"z\":0.07153015,\"w\":0.8295718},\"Storages\":[]},{\"Id\":53,\"Pos\":{\"x\":-1613.51965,\"y\":19.6569157,\"z\":439.104431},\"Rot\":{\"x\":0.1194715,\"y\":-0.542051435,\"z\":0.0782003552,\"w\":0.8281253},\"Storages\":[]},{\"Id\":53,\"Pos\":{\"x\":-1619.13049,\"y\":19.68105,\"z\":441.749054},\"Rot\":{\"x\":0.06496061,\"y\":0.8308402,\"z\":-0.09926413,\"w\":0.543719947},\"Storages\":[]},{\"Id\":25,\"Pos\":{\"x\":-1618.65955,\"y\":18.2344532,\"z\":441.596954},\"Rot\":{\"y\":0.8429358,\"w\":0.5380142},\"Storages\":[]}]}"}}