{"Version":"0.0.0","Data":{"ScrewStructureNodeInstances":"{\"_structures\":[{\"Id\":53,\"Pos\":{\"x\":-442.8204,\"y\":78.8751144,\"z\":713.1282},\"Rot\":{\"y\":1.0}},{\"Id\":53,\"Pos\":{\"x\":-1620.19617,\"y\":16.61264,\"z\":446.209625},\"Rot\":{\"x\":6.633659E-08,\"y\":0.0870831758,\"z\":-5.79883E-09,\"w\":0.9962011}},{\"Id\":39,\"Pos\":{\"x\":-1620.28137,\"y\":20.9343166,\"z\":439.308},\"Rot\":{\"y\":0.932847857,\"w\":0.3602706},\"Added\":15},{\"Id\":63,\"Pos\":{\"x\":-1609.93311,\"y\":15.1958485,\"z\":452.1617},\"Rot\":{\"y\":-0.278976262,\"w\":0.960298},\"Added\":7}]}"}}