{"Version":"0.0.0","Data":{"WorldItemManager":"{\"Version\":\"0.0.0\",\"WorldItemStates\":[{\"ObjectNameId\":\"World.GolfCart.01\",\"Position\":{\"x\":735.561462,\"y\":92.11,\"z\":1492.85645},\"Rotation\":{\"y\":59.3326035}},{\"ObjectNameId\":\"World.GolfCart.02\",\"Position\":{\"x\":1030.9928,\"y\":83.629,\"z\":1523.309},\"Rotation\":{\"y\":310.235138}},{\"ObjectNameId\":\"World.GolfCart.03\",\"Position\":{\"x\":1582.8606,\"y\":98.373,\"z\":1340.59045},\"Rotation\":{\"y\":146.876465}},{\"ObjectNameId\":\"World.GolfCart.04\",\"Position\":{\"x\":1014.11,\"y\":140.11,\"z\":1223.06},\"Rotation\":{\"y\":146.876465}},{\"ObjectNameId\":\"World.GolfCart.05\",\"Position\":{\"x\":1927.873,\"y\":14.9487848,\"z\":399.5653},\"Rotation\":{\"x\":3.311129E-05,\"y\":90.60711,\"z\":-0.00024451135},\"ItemStateData\":[{\"Power\":1000.0,\"StateDataTypeId\":1,\"Version\":\"0.0.0\"}]},{\"ObjectNameId\":\"World.GolfCart.06\",\"Position\":{\"x\":1848.24963,\"y\":16.2351418,\"z\":1484.00879},\"Rotation\":{\"x\":0.4094125,\"y\":316.741241,\"z\":4.110993},\"ItemStateData\":[{\"Power\":819.52356,\"StateDataTypeId\":1,\"Version\":\"0.0.0\"}]},{\"ObjectNameId\":\"World.GolfCart.07\",\"Position\":{\"x\":1691.495,\"y\":28.776,\"z\":1027.62219},\"Rotation\":{\"y\":97.15335}},{\"ObjectNameId\":\"World.GolfCart.08\",\"Position\":{\"x\":1828.626,\"y\":49.343,\"z\":-484.002},\"Rotation\":{\"y\":97.15335}},{\"ObjectNameId\":\"World.GolfCart.09\",\"Position\":{\"x\":1815.72327,\"y\":49.343,\"z\":-509.155945},\"Rotation\":{\"y\":304.951}},{\"ObjectNameId\":\"World.GolfCart.10\",\"Position\":{\"x\":-1134.227,\"y\":279.003,\"z\":-1106.351},\"Rotation\":{\"y\":16.8130627}},{\"ObjectNameId\":\"World.GolfCart.11\",\"Position\":{\"x\":-594.394653,\"y\":321.764862,\"z\":-556.939331},\"Rotation\":{\"x\":9.710952,\"y\":205.099869,\"z\":353.8369},\"ItemStateData\":[{\"Power\":1000.0,\"StateDataTypeId\":1,\"Version\":\"0.0.0\"}]},{\"ObjectNameId\":\"World.GolfCart.12\",\"Position\":{\"x\":-596.8075,\"y\":321.1153,\"z\":-559.8866},\"Rotation\":{\"x\":1.675479,\"y\":298.2231,\"z\":9.206819},\"ItemStateData\":[{\"Power\":1000.0,\"StateDataTypeId\":1,\"Version\":\"0.0.0\"}]},{\"ObjectNameId\":\"World.GolfCart.13\",\"Position\":{\"x\":1044.47461,\"y\":15.608963,\"z\":1835.8418},\"Rotation\":{\"x\":0.823326766,\"y\":351.0721,\"z\":357.9634},\"ItemStateData\":[{\"Power\":1000.0,\"StateDataTypeId\":1,\"Version\":\"0.0.0\"}]},{\"ObjectNameId\":\"World.HangGlider.01\",\"ItemId\":626,\"Position\":{\"x\":-504.4314,\"y\":322.9,\"z\":-307.391937},\"Rotation\":{\"x\":347.33783,\"y\":304.745667,\"z\":6.05460072}},{\"ObjectNameId\":\"World.HangGlider.02\",\"ItemId\":626,\"Position\":{\"x\":-129.59,\"y\":409.49,\"z\":-1028.08},\"Rotation\":{\"x\":345.409454,\"y\":329.2675,\"z\":0.93207866},\"State\":1},{\"ObjectNameId\":\"World.HangGlider.03\",\"ItemId\":626,\"Position\":{\"x\":366.28,\"y\":528.44,\"z\":-160.22},\"Rotation\":{\"x\":345.409454,\"y\":329.2675,\"z\":0.93207866}},{\"ObjectNameId\":\"World.HangGlider.04\",\"ItemId\":626,\"Position\":{\"x\":-1184.1,\"y\":221.516174,\"z\":-1728.82288},\"Rotation\":{\"x\":339.567169,\"y\":202.175552,\"z\":358.482422}},{\"ObjectNameId\":\"World.HangGlider.05\",\"ItemId\":626,\"Position\":{\"x\":733.1571,\"y\":369.35,\"z\":740.7741},\"Rotation\":{\"x\":346.592865,\"y\":55.28923,\"z\":3.63867712}},{\"ObjectNameId\":\"World.HangGlider.06\",\"ItemId\":626,\"Position\":{\"x\":1083.82,\"y\":276.317383,\"z\":-108.445892},\"Rotation\":{\"x\":344.984741,\"y\":55.88374,\"z\":1.21760261}},{\"ObjectNameId\":\"World.HangGlider.07\",\"ItemId\":626,\"Position\":{\"x\":797.909,\"y\":227.65,\"z\":974.662},\"Rotation\":{\"x\":344.984772,\"y\":85.53987,\"z\":1.21760166}},{\"ObjectNameId\":\"World.HangGlider.08\",\"ItemId\":626,\"Position\":{\"x\":-30.42196,\"y\":250.851,\"z\":665.780762},\"Rotation\":{\"x\":344.984772,\"y\":29.0722332,\"z\":1.2176019}},{\"ObjectNameId\":\"World.HangGlider.09\",\"ItemId\":626,\"Position\":{\"x\":1297.53906,\"y\":193.973,\"z\":-30.139},\"Rotation\":{\"x\":344.984741,\"y\":92.78199,\"z\":1.217601}},{\"ObjectNameId\":\"World.HangGlider.10\",\"ItemId\":626,\"Position\":{\"x\":789.7307,\"y\":400.973053,\"z\":273.9027},\"Rotation\":{\"x\":347.482727,\"y\":134.715927,\"z\":6.64512062}},{\"ObjectNameId\":\"World.HangGlider.11\",\"ItemId\":626,\"Position\":{\"x\":-1772.03,\"y\":83.56678,\"z\":1171.02441},\"Rotation\":{\"x\":347.06366,\"y\":258.640076,\"z\":4.550671},\"State\":1},{\"ObjectNameId\":\"World.HangGlider.12\",\"ItemId\":626,\"Position\":{\"x\":-1297.054,\"y\":79.975,\"z\":1740.63477},\"Rotation\":{\"x\":345.6263,\"y\":51.9747849,\"z\":2.88373137}},{\"ObjectNameId\":\"World.HangGlider.13\",\"ItemId\":626,\"Position\":{\"x\":-799.537,\"y\":189.46,\"z\":-281.768},\"Rotation\":{\"x\":345.6263,\"y\":325.6798,\"z\":2.883733}},{\"ObjectNameId\":\"World.HangGlider.14\",\"ItemId\":626,\"Position\":{\"x\":846.108,\"y\":208.549,\"z\":1105.33716},\"Rotation\":{\"x\":345.6263,\"y\":41.03186,\"z\":2.88373685}},{\"ObjectNameId\":\"World.KnightV.01\",\"ItemId\":630,\"Position\":{\"x\":-1271.26,\"y\":103.854,\"z\":-14.9114027},\"Rotation\":{\"z\":326.879028},\"State\":1},{\"ObjectNameId\":\"World.KnightV.02\",\"ItemId\":630,\"Position\":{\"x\":-1121.4198,\"y\":37.108,\"z\":1628.24243},\"Rotation\":{\"x\":352.2902,\"y\":49.62521,\"z\":311.589752},\"State\":1},{\"ObjectNameId\":\"World.KnightV.03\",\"ItemId\":630,\"Position\":{\"x\":-238.128,\"y\":97.089,\"z\":950.960266},\"Rotation\":{\"x\":356.628723,\"y\":69.52765,\"z\":37.5220947}},{\"ObjectNameId\":\"World.KnightV.04\",\"ItemId\":630,\"Position\":{\"x\":-1031.791,\"y\":226.86,\"z\":-625.11},\"Rotation\":{\"x\":351.3573,\"y\":158.840546,\"z\":335.1593}},{\"ObjectNameId\":\"World.KnightV.05\",\"ItemId\":630,\"Position\":{\"x\":1285.29871,\"y\":228.157,\"z\":-725.347},\"Rotation\":{\"x\":354.536316,\"y\":258.733917,\"z\":33.54773},\"State\":1},{\"ObjectNameId\":\"World.KnightV.06\",\"ItemId\":630,\"Position\":{\"x\":1106.58667,\"y\":87.5037155,\"z\":1622.528},\"Rotation\":{\"x\":353.512939,\"y\":186.727982,\"z\":59.38967}},{\"ObjectNameId\":\"World.KnightV.07\",\"ItemId\":630,\"Position\":{\"x\":1454.986,\"y\":192.25,\"z\":-417.372},\"Rotation\":{\"x\":355.17334,\"y\":306.921173,\"z\":323.681152}},{\"ObjectNameId\":\"World.KnightV.08\",\"ItemId\":630,\"Position\":{\"x\":-1092.74023,\"y\":93.476,\"z\":1277.42529},\"Rotation\":{\"x\":353.6405,\"y\":269.1214,\"z\":53.79985},\"State\":1},{\"ObjectNameId\":\"World.KnightV.09\",\"ItemId\":630,\"Position\":{\"x\":-1177.635,\"y\":227.554,\"z\":-1697.917},\"Rotation\":{\"x\":0.430921555,\"y\":210.561981,\"z\":312.084717}},{\"ObjectNameId\":\"World.KnightV.10\",\"ItemId\":630,\"Position\":{\"x\":-973.578,\"y\":272.885,\"z\":-783.283},\"Rotation\":{\"x\":359.134064,\"y\":148.511169,\"z\":308.603241}},{\"ObjectNameId\":\"World.KnightV.11\",\"ItemId\":630,\"Position\":{\"x\":-734.531,\"y\":134.001541,\"z\":28.555},\"Rotation\":{\"x\":359.134064,\"y\":275.3971,\"z\":308.603241},\"State\":1},{\"ObjectNameId\":\"World.KnightV.12\",\"ItemId\":630,\"Position\":{\"x\":-973.578,\"y\":272.885,\"z\":-783.283},\"Rotation\":{\"x\":359.134064,\"y\":148.511169,\"z\":308.603241}},{\"ObjectNameId\":\"World.KnightV.13\",\"ItemId\":630,\"Position\":{\"x\":-1132.82556,\"y\":278.821,\"z\":-1086.89417},\"Rotation\":{\"x\":356.135834,\"y\":114.3761,\"z\":40.2333832}},{\"ObjectNameId\":\"b59e8e83-88d6-4eb4-8727-54f269c83f19\",\"ItemId\":630,\"Position\":{\"x\":-1134.02417,\"y\":37.5666122,\"z\":1620.34265},\"Rotation\":{\"x\":297.413177,\"y\":350.528778,\"z\":188.202682},\"RuntimeCreated\":true},{\"ObjectNameId\":\"6bd14ead-427c-4e52-97b7-625a8637e6ce\",\"ItemId\":630,\"Position\":{\"x\":-1131.51013,\"y\":37.63052,\"z\":1631.889},\"Rotation\":{\"x\":355.975525,\"y\":92.2402039,\"z\":106.057213},\"RuntimeCreated\":true},{\"ObjectNameId\":\"8ded88b9-8e25-4a70-984e-7804169dddda\",\"ItemId\":630,\"Position\":{\"x\":-675.83,\"y\":282.96817,\"z\":-606.1238},\"Rotation\":{\"x\":0.00363182719,\"y\":15.4525642,\"z\":0.00193860335},\"RuntimeCreated\":true},{\"ObjectNameId\":\"140b93e8-56ee-4c19-9aea-9dec07a44558\",\"ItemId\":630,\"Position\":{\"x\":-1136.89722,\"y\":14.6776075,\"z\":1770.81531},\"Rotation\":{\"x\":1.12136221,\"y\":303.889984,\"z\":2.73231888},\"RuntimeCreated\":true},{\"ObjectNameId\":\"a6f104e4-f672-4c47-b47e-73ec641a9b71\",\"ItemId\":630,\"Position\":{\"x\":-1126.12061,\"y\":21.876873,\"z\":1689.47729},\"Rotation\":{\"x\":349.327728,\"y\":1.58940768,\"z\":107.051529},\"RuntimeCreated\":true},{\"ObjectNameId\":\"13fbd817-29a0-40fc-8b1e-d2fecb28949b\",\"ItemId\":630,\"Position\":{\"x\":-1121.58752,\"y\":37.0655479,\"z\":1634.93286},\"Rotation\":{\"x\":352.178436,\"y\":166.568558,\"z\":1.85157275},\"RuntimeCreated\":true},{\"ObjectNameId\":\"985af26b-830c-4335-8a67-de8dbc7bce28\",\"ItemId\":630,\"Position\":{\"x\":-1023.07843,\"y\":98.86526,\"z\":1025.23779},\"Rotation\":{\"x\":2.785704,\"y\":85.7639542,\"z\":1.1454463},\"RuntimeCreated\":true},{\"ObjectNameId\":\"4a9ddf95-84b4-4010-844c-233b8ff61fd9\",\"ItemId\":630,\"Position\":{\"x\":-1019.396,\"y\":98.86116,\"z\":1020.00922},\"Rotation\":{\"x\":3.78131962,\"y\":50.6180763,\"z\":110.433327},\"RuntimeCreated\":true},{\"ObjectNameId\":\"53adb2c2-85f3-483d-b4dd-3629fd624b15\",\"ItemId\":630,\"Position\":{\"x\":1233.46716,\"y\":237.737366,\"z\":-652.7792},\"Rotation\":{\"x\":57.79567,\"y\":199.0026,\"z\":263.1891},\"RuntimeCreated\":true},{\"ObjectNameId\":\"be4e7468-da35-49ca-a0f2-2050a5accd3b\",\"ItemId\":630,\"Position\":{\"x\":-652.208557,\"y\":195.06041,\"z\":-1041.76892},\"Rotation\":{\"x\":0.00047006493,\"y\":62.4113464,\"z\":-0.00121679762},\"RuntimeCreated\":true},{\"ObjectNameId\":\"09adf7f6-3c19-4f2e-909f-b389699d4615\",\"ItemId\":626,\"Position\":{\"x\":342.114,\"y\":88.8122,\"z\":-1461.99939},\"Rotation\":{\"x\":339.419983,\"y\":40.289772,\"z\":359.7272},\"RuntimeCreated\":true},{\"ObjectNameId\":\"f78ccabb-226c-4421-954f-d2167fd07fb7\",\"ItemId\":630,\"Position\":{\"x\":-1271.637,\"y\":103.909859,\"z\":-14.1377945},\"Rotation\":{\"x\":90.0,\"y\":144.2361},\"RuntimeCreated\":true},{\"ObjectNameId\":\"4bcbb83c-a3e0-4a31-a0e8-854a478d8bb2\",\"ItemId\":626,\"Position\":{\"x\":-811.9465,\"y\":276.761536,\"z\":-613.9216},\"Rotation\":{\"x\":329.4588,\"y\":117.664558,\"z\":356.16507},\"RuntimeCreated\":true},{\"ObjectNameId\":\"f334ae8a-a846-4624-ac78-2a81b1df206a\",\"ItemId\":630,\"Position\":{\"x\":-1186.66357,\"y\":59.94035,\"z\":176.639053},\"Rotation\":{\"x\":5.61845064,\"y\":7.47385359,\"z\":116.990379},\"RuntimeCreated\":true},{\"ObjectNameId\":\"f9a3b4f5-9013-4c6e-b0bf-d4b33b3998be\",\"ItemId\":630,\"Position\":{\"x\":-1594.9845,\"y\":28.1101723,\"z\":435.805328},\"Rotation\":{\"x\":63.90849,\"y\":60.5424576,\"z\":274.29126},\"State\":1,\"RuntimeCreated\":true},{\"ObjectNameId\":\"fc74b5f4-9fb2-422c-a7ff-13f5fe9b5eee\",\"ItemId\":626,\"Position\":{\"x\":-1622.04346,\"y\":16.8377361,\"z\":424.13205},\"Rotation\":{\"x\":323.7057,\"y\":122.792831,\"z\":10.5487089},\"RuntimeCreated\":true},{\"ObjectNameId\":\"9b34d284-8ffd-4650-b604-574883c38831\",\"ItemId\":626,\"Position\":{\"x\":-1626.48071,\"y\":16.3907776,\"z\":426.2161},\"Rotation\":{\"x\":333.4655,\"y\":137.815063,\"z\":4.06564045},\"RuntimeCreated\":true},{\"ObjectNameId\":\"fa8e4ea7-131d-4a20-b0d6-030bfa6a9cbf\",\"ItemId\":630,\"Position\":{\"x\":-124.384583,\"y\":409.513458,\"z\":-1034.34448},\"Rotation\":{\"x\":-0.00540956,\"y\":5.36407757,\"z\":-0.005727518},\"RuntimeCreated\":true},{\"ObjectNameId\":\"2e4ed160-57e0-4dc7-903b-5b965e84949a\",\"ItemId\":626,\"Position\":{\"x\":1017.87811,\"y\":244.65303,\"z\":-506.165924},\"Rotation\":{\"x\":336.531372,\"y\":186.275909,\"z\":-0.000713317655},\"RuntimeCreated\":true},{\"ObjectNameId\":\"d1ae9611-b1de-40f1-9b31-89a08607ce1f\",\"ItemId\":626,\"Position\":{\"x\":1035.62085,\"y\":244.653,\"z\":-382.17334},\"Rotation\":{\"x\":336.532776,\"y\":32.2002144,\"z\":0.000465844671},\"RuntimeCreated\":true},{\"ObjectNameId\":\"d96e76bd-215a-4f84-8a4d-9bc1793d7eaa\",\"ItemId\":626,\"Position\":{\"x\":204.628738,\"y\":706.3413,\"z\":193.5882},\"Rotation\":{\"x\":314.231537,\"y\":204.167908,\"z\":138.667725},\"RuntimeCreated\":true},{\"ObjectNameId\":\"7312e939-9aba-49c4-9ecd-a4afa81f030d\",\"ItemId\":630,\"Position\":{\"x\":-1607.44336,\"y\":15.450263,\"z\":458.554474},\"Rotation\":{\"x\":1.31709433,\"y\":259.445679,\"z\":109.891396},\"State\":1,\"RuntimeCreated\":true},{\"ObjectNameId\":\"206c48bd-5448-4a35-82f2-1563fcb0538e\",\"ItemId\":590,\"Position\":{\"x\":-1611.23926,\"y\":20.93462,\"z\":443.8153},\"Rotation\":{\"x\":0.008698956,\"y\":289.3249,\"z\":0.114239745},\"State\":1,\"RuntimeCreated\":true,\"ItemStateData\":[{\"Volume\":1.0,\"RandomHash\":24501533,\"TrackHash\":320056974,\"StateDataTypeId\":2,\"Version\":\"0.0.0\"}]},{\"ObjectNameId\":\"814d3ac2-4304-4c6a-880e-45f2f594ca1d\",\"ItemId\":630,\"Position\":{\"x\":362.428833,\"y\":12.9707956,\"z\":1202.03174},\"Rotation\":{\"x\":358.134521,\"y\":19.2788315,\"z\":57.530426},\"RuntimeCreated\":true},{\"ObjectNameId\":\"30b8251f-25e7-455a-8900-cfdff23e6bde\",\"ItemId\":590,\"Position\":{\"x\":-1611.52319,\"y\":20.93426,\"z\":443.721924},\"Rotation\":{\"x\":0.003346916,\"y\":289.941071,\"z\":0.114863932},\"RuntimeCreated\":true,\"ItemStateData\":[{\"Volume\":1.0,\"RandomHash\":-2034294530,\"TrackHash\":1521652018,\"StateDataTypeId\":2,\"Version\":\"0.0.0\"}]},{\"ObjectNameId\":\"ddfcc78f-6df3-4804-a741-e765e72aa2dd\",\"ItemId\":630,\"State\":1,\"RuntimeCreated\":true},{\"ObjectNameId\":\"31f2b737-7887-40ae-be48-8c0ee0c5825a\",\"ItemId\":630,\"Position\":{\"x\":-1603.07678,\"y\":28.1168861,\"z\":426.8323},\"Rotation\":{\"x\":359.9611,\"y\":312.015259,\"z\":359.8995},\"RuntimeCreated\":true},{\"ObjectNameId\":\"abd8104c-6f87-4af8-a9b9-3903269bec2b\",\"ItemId\":630,\"State\":1,\"RuntimeCreated\":true},{\"ObjectNameId\":\"86b38b49-4855-4d96-9879-687886c158fb\",\"ItemId\":630,\"State\":1,\"RuntimeCreated\":true},{\"ObjectNameId\":\"2454c6fc-8d6f-42a4-9c7e-ed4c60eb8096\",\"ItemId\":630,\"State\":1,\"RuntimeCreated\":true},{\"ObjectNameId\":\"af6c9995-d1d5-4e51-8eec-11f2d4fa0a4d\",\"ItemId\":630,\"State\":1,\"RuntimeCreated\":true},{\"ObjectNameId\":\"d10963cd-90a3-41d1-8353-1a401506fab8\",\"ItemId\":630,\"State\":1,\"RuntimeCreated\":true},{\"ObjectNameId\":\"f35cbb0f-83d3-4808-ab7d-9a21475ba610\",\"ItemId\":630,\"State\":1,\"RuntimeCreated\":true},{\"ObjectNameId\":\"a7f4fb31-5500-4faa-b375-ca4b5fa7dce1\",\"ItemId\":630,\"State\":1,\"RuntimeCreated\":true},{\"ObjectNameId\":\"959f2fc5-3228-419c-91c3-219caee7c70a\",\"ItemId\":630,\"State\":1,\"RuntimeCreated\":true},{\"ObjectNameId\":\"2513e705-542e-438d-a3f1-38adabcf1c4a\",\"ItemId\":630,\"State\":1,\"RuntimeCreated\":true},{\"ObjectNameId\":\"2c3e406c-d61d-4121-8970-ae87f1cf083a\",\"ItemId\":630,\"State\":1,\"RuntimeCreated\":true}]}"}}