{"Version":"0.0.0","Data":{"WorldItemManager":"{\"Version\":\"0.0.0\",\"WorldItemStates\":[{\"ObjectNameId\":\"World.GolfCart.01\",\"Position\":{\"x\":735.561462,\"y\":92.11,\"z\":1492.85645},\"Rotation\":{\"y\":59.3326035}},{\"ObjectNameId\":\"World.GolfCart.02\",\"Position\":{\"x\":1030.9928,\"y\":83.629,\"z\":1523.309},\"Rotation\":{\"y\":310.235138}},{\"ObjectNameId\":\"World.GolfCart.03\",\"Position\":{\"x\":1582.8606,\"y\":98.373,\"z\":1340.59045},\"Rotation\":{\"y\":146.876465}},{\"ObjectNameId\":\"World.GolfCart.04\",\"Position\":{\"x\":1014.11,\"y\":140.11,\"z\":1223.06},\"Rotation\":{\"y\":146.876465}},{\"ObjectNameId\":\"World.GolfCart.05\",\"Position\":{\"x\":1903.9,\"y\":15.253,\"z\":461.64},\"Rotation\":{\"y\":146.876465}},{\"ObjectNameId\":\"World.GolfCart.06\",\"Position\":{\"x\":1839.567,\"y\":15.09,\"z\":355.608978},\"Rotation\":{\"y\":97.15335}},{\"ObjectNameId\":\"World.GolfCart.07\",\"Position\":{\"x\":1691.495,\"y\":28.776,\"z\":1027.62219},\"Rotation\":{\"y\":97.15335}},{\"ObjectNameId\":\"World.GolfCart.08\",\"Position\":{\"x\":1828.626,\"y\":49.343,\"z\":-484.002},\"Rotation\":{\"y\":97.15335}},{\"ObjectNameId\":\"World.GolfCart.09\",\"Position\":{\"x\":1815.72327,\"y\":49.343,\"z\":-509.155945},\"Rotation\":{\"y\":304.951}},{\"ObjectNameId\":\"World.GolfCart.10\",\"Position\":{\"x\":-1134.227,\"y\":279.003,\"z\":-1106.351},\"Rotation\":{\"y\":16.8130627}},{\"ObjectNameId\":\"World.GolfCart.11\",\"Position\":{\"x\":-594.394653,\"y\":321.764862,\"z\":-556.939331},\"Rotation\":{\"x\":9.710952,\"y\":205.099869,\"z\":353.8369},\"ItemStateData\":[{\"Power\":1000.0,\"StateDataTypeId\":1,\"Version\":\"0.0.0\"}]},{\"ObjectNameId\":\"World.GolfCart.12\",\"Position\":{\"x\":-596.8075,\"y\":321.1153,\"z\":-559.8866},\"Rotation\":{\"x\":1.675479,\"y\":298.2231,\"z\":9.206819},\"ItemStateData\":[{\"Power\":1000.0,\"StateDataTypeId\":1,\"Version\":\"0.0.0\"}]},{\"ObjectNameId\":\"World.GolfCart.13\",\"Position\":{\"x\":1044.47461,\"y\":15.608963,\"z\":1835.8418},\"Rotation\":{\"x\":0.823326766,\"y\":351.0721,\"z\":357.9634},\"ItemStateData\":[{\"Power\":1000.0,\"StateDataTypeId\":1,\"Version\":\"0.0.0\"}]},{\"ObjectNameId\":\"World.HangGlider.01\",\"ItemId\":626,\"Position\":{\"x\":-504.4314,\"y\":322.9,\"z\":-307.391937},\"Rotation\":{\"x\":347.33783,\"y\":304.745667,\"z\":6.05460072}},{\"ObjectNameId\":\"World.HangGlider.02\",\"ItemId\":626,\"Position\":{\"x\":-129.59,\"y\":409.49,\"z\":-1028.08},\"Rotation\":{\"x\":345.409454,\"y\":329.2675,\"z\":0.93207866}},{\"ObjectNameId\":\"World.HangGlider.03\",\"ItemId\":626,\"Position\":{\"x\":366.28,\"y\":528.44,\"z\":-160.22},\"Rotation\":{\"x\":345.409454,\"y\":329.2675,\"z\":0.93207866}},{\"ObjectNameId\":\"World.HangGlider.04\",\"ItemId\":626,\"Position\":{\"x\":-1184.1,\"y\":221.516174,\"z\":-1728.82288},\"Rotation\":{\"x\":339.567169,\"y\":202.175552,\"z\":358.482422}},{\"ObjectNameId\":\"World.HangGlider.05\",\"ItemId\":626,\"Position\":{\"x\":733.1571,\"y\":369.35,\"z\":740.7741},\"Rotation\":{\"x\":346.592865,\"y\":55.28923,\"z\":3.63867712}},{\"ObjectNameId\":\"World.HangGlider.06\",\"ItemId\":626,\"Position\":{\"x\":1083.82,\"y\":276.317383,\"z\":-108.445892},\"Rotation\":{\"x\":344.984741,\"y\":55.88374,\"z\":1.21760261}},{\"ObjectNameId\":\"World.HangGlider.07\",\"ItemId\":626,\"Position\":{\"x\":797.909,\"y\":227.65,\"z\":974.662},\"Rotation\":{\"x\":344.984772,\"y\":85.53987,\"z\":1.21760166}},{\"ObjectNameId\":\"World.HangGlider.08\",\"ItemId\":626,\"Position\":{\"x\":-30.42196,\"y\":250.851,\"z\":665.780762},\"Rotation\":{\"x\":344.984772,\"y\":29.0722332,\"z\":1.2176019}},{\"ObjectNameId\":\"World.HangGlider.09\",\"ItemId\":626,\"Position\":{\"x\":1297.53906,\"y\":193.973,\"z\":-30.139},\"Rotation\":{\"x\":344.984741,\"y\":92.78199,\"z\":1.217601}},{\"ObjectNameId\":\"World.HangGlider.10\",\"ItemId\":626,\"Position\":{\"x\":789.7307,\"y\":400.973053,\"z\":273.9027},\"Rotation\":{\"x\":347.482727,\"y\":134.715927,\"z\":6.64512062}},{\"ObjectNameId\":\"World.HangGlider.11\",\"ItemId\":626,\"Position\":{\"x\":-1772.03,\"y\":83.56678,\"z\":1171.02441},\"Rotation\":{\"x\":347.06366,\"y\":258.640076,\"z\":4.550671}},{\"ObjectNameId\":\"World.HangGlider.12\",\"ItemId\":626,\"Position\":{\"x\":-1297.054,\"y\":79.975,\"z\":1740.63477},\"Rotation\":{\"x\":345.6263,\"y\":51.9747849,\"z\":2.88373137}},{\"ObjectNameId\":\"World.HangGlider.13\",\"ItemId\":626,\"Position\":{\"x\":-799.537,\"y\":189.46,\"z\":-281.768},\"Rotation\":{\"x\":345.6263,\"y\":325.6798,\"z\":2.883733}},{\"ObjectNameId\":\"World.HangGlider.14\",\"ItemId\":626,\"Position\":{\"x\":846.108,\"y\":208.549,\"z\":1105.33716},\"Rotation\":{\"x\":345.6263,\"y\":41.03186,\"z\":2.88373685}},{\"ObjectNameId\":\"World.KnightV.01\",\"ItemId\":630,\"Position\":{\"x\":-1271.26,\"y\":103.854,\"z\":-14.9114027},\"Rotation\":{\"z\":326.879028},\"State\":1},{\"ObjectNameId\":\"World.KnightV.02\",\"ItemId\":630,\"Position\":{\"x\":-1121.4198,\"y\":37.108,\"z\":1628.24243},\"Rotation\":{\"x\":352.2902,\"y\":49.62521,\"z\":311.589752},\"State\":1},{\"ObjectNameId\":\"World.KnightV.03\",\"ItemId\":630,\"Position\":{\"x\":-238.128,\"y\":97.089,\"z\":950.960266},\"Rotation\":{\"x\":356.628723,\"y\":69.52765,\"z\":37.5220947}},{\"ObjectNameId\":\"World.KnightV.04\",\"ItemId\":630,\"Position\":{\"x\":-1031.791,\"y\":226.86,\"z\":-625.11},\"Rotation\":{\"x\":351.3573,\"y\":158.840546,\"z\":335.1593}},{\"ObjectNameId\":\"World.KnightV.05\",\"ItemId\":630,\"Position\":{\"x\":1285.29871,\"y\":228.157,\"z\":-725.347},\"Rotation\":{\"x\":354.536316,\"y\":258.733917,\"z\":33.54773},\"State\":1},{\"ObjectNameId\":\"World.KnightV.06\",\"ItemId\":630,\"Position\":{\"x\":1106.58667,\"y\":87.5037155,\"z\":1622.528},\"Rotation\":{\"x\":353.512939,\"y\":186.727982,\"z\":59.38967}},{\"ObjectNameId\":\"World.KnightV.07\",\"ItemId\":630,\"Position\":{\"x\":1454.986,\"y\":192.25,\"z\":-417.372},\"Rotation\":{\"x\":355.17334,\"y\":306.921173,\"z\":323.681152}},{\"ObjectNameId\":\"World.KnightV.08\",\"ItemId\":630,\"Position\":{\"x\":-1092.74023,\"y\":93.476,\"z\":1277.42529},\"Rotation\":{\"x\":353.6405,\"y\":269.1214,\"z\":53.79985},\"State\":1},{\"ObjectNameId\":\"World.KnightV.09\",\"ItemId\":630,\"Position\":{\"x\":-1177.635,\"y\":227.554,\"z\":-1697.917},\"Rotation\":{\"x\":0.430921555,\"y\":210.561981,\"z\":312.084717}},{\"ObjectNameId\":\"World.KnightV.10\",\"ItemId\":630,\"Position\":{\"x\":-973.578,\"y\":272.885,\"z\":-783.283},\"Rotation\":{\"x\":359.134064,\"y\":148.511169,\"z\":308.603241}},{\"ObjectNameId\":\"World.KnightV.11\",\"ItemId\":630,\"Position\":{\"x\":-734.531,\"y\":134.001541,\"z\":28.555},\"Rotation\":{\"x\":359.134064,\"y\":275.3971,\"z\":308.603241},\"State\":1},{\"ObjectNameId\":\"World.KnightV.12\",\"ItemId\":630,\"Position\":{\"x\":-973.578,\"y\":272.885,\"z\":-783.283},\"Rotation\":{\"x\":359.134064,\"y\":148.511169,\"z\":308.603241}},{\"ObjectNameId\":\"World.KnightV.13\",\"ItemId\":630,\"Position\":{\"x\":-1132.82556,\"y\":278.821,\"z\":-1086.89417},\"Rotation\":{\"x\":356.135834,\"y\":114.3761,\"z\":40.2333832}},{\"ObjectNameId\":\"55e18708-604a-409e-a818-45cac98d8785\",\"ItemId\":630,\"Position\":{\"x\":1835.89209,\"y\":16.6803474,\"z\":1486.6283},\"Rotation\":{\"x\":-0.000166097147,\"y\":316.589355,\"z\":-0.00128528115},\"RuntimeCreated\":true},{\"ObjectNameId\":\"b59e8e83-88d6-4eb4-8727-54f269c83f19\",\"ItemId\":630,\"Position\":{\"x\":-1134.02234,\"y\":37.5674324,\"z\":1620.34155},\"Rotation\":{\"x\":297.274475,\"y\":350.6399,\"z\":188.260437},\"RuntimeCreated\":true},{\"ObjectNameId\":\"6bd14ead-427c-4e52-97b7-625a8637e6ce\",\"ItemId\":630,\"Position\":{\"x\":-1131.49878,\"y\":37.631546,\"z\":1631.8855},\"Rotation\":{\"x\":356.0072,\"y\":90.8954544,\"z\":106.245506},\"RuntimeCreated\":true},{\"ObjectNameId\":\"8ded88b9-8e25-4a70-984e-7804169dddda\",\"ItemId\":630,\"Position\":{\"x\":-675.2552,\"y\":282.38382,\"z\":-606.291748},\"Rotation\":{\"x\":3.343605,\"y\":17.7466736,\"z\":359.9904},\"RuntimeCreated\":true},{\"ObjectNameId\":\"140b93e8-56ee-4c19-9aea-9dec07a44558\",\"ItemId\":630,\"Position\":{\"x\":-1136.89746,\"y\":14.6775312,\"z\":1770.81506},\"Rotation\":{\"x\":1.12962663,\"y\":303.873444,\"z\":2.71726155},\"RuntimeCreated\":true},{\"ObjectNameId\":\"a6f104e4-f672-4c47-b47e-73ec641a9b71\",\"ItemId\":630,\"Position\":{\"x\":-1126.12231,\"y\":21.8778648,\"z\":1689.47791},\"Rotation\":{\"x\":349.2787,\"y\":1.582866,\"z\":107.6755},\"RuntimeCreated\":true},{\"ObjectNameId\":\"13fbd817-29a0-40fc-8b1e-d2fecb28949b\",\"ItemId\":630,\"Position\":{\"x\":-1121.58728,\"y\":37.0657768,\"z\":1634.93262},\"Rotation\":{\"x\":352.1807,\"y\":166.575027,\"z\":1.86901259},\"RuntimeCreated\":true},{\"ObjectNameId\":\"985af26b-830c-4335-8a67-de8dbc7bce28\",\"ItemId\":630,\"Position\":{\"x\":-1023.07867,\"y\":98.86462,\"z\":1025.23779},\"Rotation\":{\"x\":2.78680086,\"y\":85.76393,\"z\":1.14385045},\"RuntimeCreated\":true},{\"ObjectNameId\":\"4a9ddf95-84b4-4010-844c-233b8ff61fd9\",\"ItemId\":630,\"Position\":{\"x\":-1019.39606,\"y\":98.8613739,\"z\":1020.00854},\"Rotation\":{\"x\":3.77901268,\"y\":50.6926422,\"z\":110.463928},\"RuntimeCreated\":true},{\"ObjectNameId\":\"53adb2c2-85f3-483d-b4dd-3629fd624b15\",\"ItemId\":630,\"Position\":{\"x\":1233.46619,\"y\":237.736176,\"z\":-652.7799},\"Rotation\":{\"x\":58.024044,\"y\":198.819946,\"z\":262.940125},\"RuntimeCreated\":true},{\"ObjectNameId\":\"69d268f0-ba52-49e1-8640-af56da28e0ec\",\"ItemId\":630,\"Position\":{\"x\":-396.416626,\"y\":348.6015,\"z\":-1083.882},\"Rotation\":{\"x\":349.057648,\"y\":217.218918,\"z\":208.270752},\"RuntimeCreated\":true},{\"ObjectNameId\":\"be4e7468-da35-49ca-a0f2-2050a5accd3b\",\"ItemId\":630,\"Position\":{\"x\":-652.103638,\"y\":193.65596,\"z\":-1041.69263},\"Rotation\":{\"x\":-0.00334850024,\"y\":55.9746475,\"z\":249.8566},\"RuntimeCreated\":true},{\"ObjectNameId\":\"044f626e-89d1-4e0c-bc10-11b07e93a656\",\"ItemId\":630,\"Position\":{\"x\":-642.017761,\"y\":193.768784,\"z\":-1052.52966},\"Rotation\":{\"x\":311.244873,\"y\":187.598114,\"z\":239.809723},\"RuntimeCreated\":true},{\"ObjectNameId\":\"76fedfb9-092e-4e53-9561-fc0c01a4b51d\",\"ItemId\":630,\"Position\":{\"x\":-1623.554,\"y\":15.2125225,\"z\":447.4469},\"Rotation\":{\"x\":358.286865,\"y\":98.02848,\"z\":2.47595358},\"RuntimeCreated\":true},{\"ObjectNameId\":\"09adf7f6-3c19-4f2e-909f-b389699d4615\",\"ItemId\":626,\"Position\":{\"x\":342.114166,\"y\":88.8121262,\"z\":-1461.99878},\"Rotation\":{\"x\":339.419,\"y\":40.27279,\"z\":359.7289},\"RuntimeCreated\":true},{\"ObjectNameId\":\"909c2f6f-43dd-4725-b466-67b27f6fda66\",\"ItemId\":630,\"Position\":{\"x\":-1625.18188,\"y\":15.1725607,\"z\":440.660217},\"Rotation\":{\"x\":357.556335,\"y\":334.276672,\"z\":301.477417},\"RuntimeCreated\":true}]}"}}