{"Version":"0.0.0","Data":{"WorldItemManager":"{\"Version\":\"0.0.0\",\"WorldItemStates\":[{\"ObjectNameId\":\"World.GolfCart.01\",\"Position\":{\"x\":735.561462,\"y\":92.11,\"z\":1492.85645},\"Rotation\":{\"y\":59.3326035}},{\"ObjectNameId\":\"World.GolfCart.02\",\"Position\":{\"x\":1030.9928,\"y\":83.629,\"z\":1523.309},\"Rotation\":{\"y\":310.235138}},{\"ObjectNameId\":\"World.GolfCart.03\",\"Position\":{\"x\":1582.8606,\"y\":98.373,\"z\":1340.59045},\"Rotation\":{\"y\":146.876465}},{\"ObjectNameId\":\"World.GolfCart.04\",\"Position\":{\"x\":1014.11,\"y\":140.11,\"z\":1223.06},\"Rotation\":{\"y\":146.876465}},{\"ObjectNameId\":\"World.GolfCart.05\",\"Position\":{\"x\":1903.9,\"y\":15.253,\"z\":461.64},\"Rotation\":{\"y\":146.876465}},{\"ObjectNameId\":\"World.GolfCart.06\",\"Position\":{\"x\":1839.567,\"y\":15.09,\"z\":355.608978},\"Rotation\":{\"y\":97.15335}},{\"ObjectNameId\":\"World.GolfCart.07\",\"Position\":{\"x\":1691.495,\"y\":28.776,\"z\":1027.62219},\"Rotation\":{\"y\":97.15335}},{\"ObjectNameId\":\"World.GolfCart.08\",\"Position\":{\"x\":1828.626,\"y\":49.343,\"z\":-484.002},\"Rotation\":{\"y\":97.15335}},{\"ObjectNameId\":\"World.GolfCart.09\",\"Position\":{\"x\":1815.72327,\"y\":49.343,\"z\":-509.155945},\"Rotation\":{\"y\":304.951}},{\"ObjectNameId\":\"World.GolfCart.10\",\"Position\":{\"x\":-1134.227,\"y\":279.003,\"z\":-1106.351},\"Rotation\":{\"y\":16.8130627}},{\"ObjectNameId\":\"World.GolfCart.11\",\"Position\":{\"x\":-594.394653,\"y\":321.764862,\"z\":-556.939331},\"Rotation\":{\"x\":9.710952,\"y\":205.099869,\"z\":353.8369},\"ItemStateData\":[{\"Power\":1000.0,\"StateDataTypeId\":1,\"Version\":\"0.0.0\"}]},{\"ObjectNameId\":\"World.GolfCart.12\",\"Position\":{\"x\":-596.8075,\"y\":321.1153,\"z\":-559.8866},\"Rotation\":{\"x\":1.675479,\"y\":298.2231,\"z\":9.206819},\"ItemStateData\":[{\"Power\":1000.0,\"StateDataTypeId\":1,\"Version\":\"0.0.0\"}]},{\"ObjectNameId\":\"World.GolfCart.13\",\"Position\":{\"x\":1044.47461,\"y\":15.608963,\"z\":1835.8418},\"Rotation\":{\"x\":0.823326766,\"y\":351.0721,\"z\":357.9634},\"ItemStateData\":[{\"Power\":1000.0,\"StateDataTypeId\":1,\"Version\":\"0.0.0\"}]},{\"ObjectNameId\":\"World.HangGlider.01\",\"ItemId\":626,\"Position\":{\"x\":-504.4314,\"y\":322.9,\"z\":-307.391937},\"Rotation\":{\"x\":347.33783,\"y\":304.745667,\"z\":6.05460072}},{\"ObjectNameId\":\"World.HangGlider.02\",\"ItemId\":626,\"Position\":{\"x\":-129.59,\"y\":409.49,\"z\":-1028.08},\"Rotation\":{\"x\":345.409454,\"y\":329.2675,\"z\":0.93207866}},{\"ObjectNameId\":\"World.HangGlider.03\",\"ItemId\":626,\"Position\":{\"x\":366.28,\"y\":528.44,\"z\":-160.22},\"Rotation\":{\"x\":345.409454,\"y\":329.2675,\"z\":0.93207866}},{\"ObjectNameId\":\"World.HangGlider.04\",\"ItemId\":626,\"Position\":{\"x\":-1184.1,\"y\":221.516174,\"z\":-1728.82288},\"Rotation\":{\"x\":339.567169,\"y\":202.175552,\"z\":358.482422}},{\"ObjectNameId\":\"World.HangGlider.05\",\"ItemId\":626,\"Position\":{\"x\":733.1571,\"y\":369.35,\"z\":740.7741},\"Rotation\":{\"x\":346.592865,\"y\":55.28923,\"z\":3.63867712}},{\"ObjectNameId\":\"World.HangGlider.06\",\"ItemId\":626,\"Position\":{\"x\":1083.82,\"y\":276.317383,\"z\":-108.445892},\"Rotation\":{\"x\":344.984741,\"y\":55.88374,\"z\":1.21760261}},{\"ObjectNameId\":\"World.HangGlider.07\",\"ItemId\":626,\"Position\":{\"x\":797.909,\"y\":227.65,\"z\":974.662},\"Rotation\":{\"x\":344.984772,\"y\":85.53987,\"z\":1.21760166}},{\"ObjectNameId\":\"World.HangGlider.08\",\"ItemId\":626,\"Position\":{\"x\":-30.42196,\"y\":250.851,\"z\":665.780762},\"Rotation\":{\"x\":344.984772,\"y\":29.0722332,\"z\":1.2176019}},{\"ObjectNameId\":\"World.HangGlider.09\",\"ItemId\":626,\"Position\":{\"x\":1297.53906,\"y\":193.973,\"z\":-30.139},\"Rotation\":{\"x\":344.984741,\"y\":92.78199,\"z\":1.217601}},{\"ObjectNameId\":\"World.HangGlider.10\",\"ItemId\":626,\"Position\":{\"x\":789.7307,\"y\":400.973053,\"z\":273.9027},\"Rotation\":{\"x\":347.482727,\"y\":134.715927,\"z\":6.64512062}},{\"ObjectNameId\":\"World.HangGlider.11\",\"ItemId\":626,\"Position\":{\"x\":-1772.03,\"y\":83.56678,\"z\":1171.02441},\"Rotation\":{\"x\":347.06366,\"y\":258.640076,\"z\":4.550671}},{\"ObjectNameId\":\"World.HangGlider.12\",\"ItemId\":626,\"Position\":{\"x\":-1297.054,\"y\":79.975,\"z\":1740.63477},\"Rotation\":{\"x\":345.6263,\"y\":51.9747849,\"z\":2.88373137}},{\"ObjectNameId\":\"World.HangGlider.13\",\"ItemId\":626,\"Position\":{\"x\":-799.537,\"y\":189.46,\"z\":-281.768},\"Rotation\":{\"x\":345.6263,\"y\":325.6798,\"z\":2.883733}},{\"ObjectNameId\":\"World.HangGlider.14\",\"ItemId\":626,\"Position\":{\"x\":846.108,\"y\":208.549,\"z\":1105.33716},\"Rotation\":{\"x\":345.6263,\"y\":41.03186,\"z\":2.88373685}},{\"ObjectNameId\":\"World.KnightV.01\",\"ItemId\":630,\"Position\":{\"x\":-1271.26,\"y\":103.854,\"z\":-14.9114027},\"Rotation\":{\"z\":326.879028},\"State\":1},{\"ObjectNameId\":\"World.KnightV.02\",\"ItemId\":630,\"Position\":{\"x\":-1121.4198,\"y\":37.108,\"z\":1628.24243},\"Rotation\":{\"x\":352.2902,\"y\":49.62521,\"z\":311.589752},\"State\":1},{\"ObjectNameId\":\"World.KnightV.03\",\"ItemId\":630,\"Position\":{\"x\":-238.128,\"y\":97.089,\"z\":950.960266},\"Rotation\":{\"x\":356.628723,\"y\":69.52765,\"z\":37.5220947}},{\"ObjectNameId\":\"World.KnightV.04\",\"ItemId\":630,\"Position\":{\"x\":-1031.791,\"y\":226.86,\"z\":-625.11},\"Rotation\":{\"x\":351.3573,\"y\":158.840546,\"z\":335.1593}},{\"ObjectNameId\":\"World.KnightV.05\",\"ItemId\":630,\"Position\":{\"x\":1285.29871,\"y\":228.157,\"z\":-725.347},\"Rotation\":{\"x\":354.536316,\"y\":258.733917,\"z\":33.54773},\"State\":1},{\"ObjectNameId\":\"World.KnightV.06\",\"ItemId\":630,\"Position\":{\"x\":1106.58667,\"y\":87.5037155,\"z\":1622.528},\"Rotation\":{\"x\":353.512939,\"y\":186.727982,\"z\":59.38967}},{\"ObjectNameId\":\"World.KnightV.07\",\"ItemId\":630,\"Position\":{\"x\":1454.986,\"y\":192.25,\"z\":-417.372},\"Rotation\":{\"x\":355.17334,\"y\":306.921173,\"z\":323.681152}},{\"ObjectNameId\":\"World.KnightV.08\",\"ItemId\":630,\"Position\":{\"x\":-1092.74023,\"y\":93.476,\"z\":1277.42529},\"Rotation\":{\"x\":353.6405,\"y\":269.1214,\"z\":53.79985},\"State\":1},{\"ObjectNameId\":\"World.KnightV.09\",\"ItemId\":630,\"Position\":{\"x\":-1177.635,\"y\":227.554,\"z\":-1697.917},\"Rotation\":{\"x\":0.430921555,\"y\":210.561981,\"z\":312.084717}},{\"ObjectNameId\":\"World.KnightV.10\",\"ItemId\":630,\"Position\":{\"x\":-973.578,\"y\":272.885,\"z\":-783.283},\"Rotation\":{\"x\":359.134064,\"y\":148.511169,\"z\":308.603241}},{\"ObjectNameId\":\"World.KnightV.11\",\"ItemId\":630,\"Position\":{\"x\":-734.531,\"y\":134.001541,\"z\":28.555},\"Rotation\":{\"x\":359.134064,\"y\":275.3971,\"z\":308.603241},\"State\":1},{\"ObjectNameId\":\"World.KnightV.12\",\"ItemId\":630,\"Position\":{\"x\":-973.578,\"y\":272.885,\"z\":-783.283},\"Rotation\":{\"x\":359.134064,\"y\":148.511169,\"z\":308.603241}},{\"ObjectNameId\":\"World.KnightV.13\",\"ItemId\":630,\"Position\":{\"x\":-1132.82556,\"y\":278.821,\"z\":-1086.89417},\"Rotation\":{\"x\":356.135834,\"y\":114.3761,\"z\":40.2333832}},{\"ObjectNameId\":\"55e18708-604a-409e-a818-45cac98d8785\",\"ItemId\":630,\"Position\":{\"x\":1835.89209,\"y\":16.6803055,\"z\":1486.6283},\"Rotation\":{\"x\":-0.00193750253,\"y\":316.575531,\"z\":-0.0025970994},\"RuntimeCreated\":true},{\"ObjectNameId\":\"b59e8e83-88d6-4eb4-8727-54f269c83f19\",\"ItemId\":630,\"Position\":{\"x\":-1134.02222,\"y\":37.5667953,\"z\":1620.34241},\"Rotation\":{\"x\":297.510925,\"y\":350.6649,\"z\":188.0574},\"RuntimeCreated\":true},{\"ObjectNameId\":\"6bd14ead-427c-4e52-97b7-625a8637e6ce\",\"ItemId\":630,\"Position\":{\"x\":-1131.49988,\"y\":37.6311951,\"z\":1631.88586},\"Rotation\":{\"x\":356.088135,\"y\":91.05554,\"z\":106.237976},\"RuntimeCreated\":true},{\"ObjectNameId\":\"8ded88b9-8e25-4a70-984e-7804169dddda\",\"ItemId\":630,\"Position\":{\"x\":-675.2552,\"y\":282.38382,\"z\":-606.291748},\"Rotation\":{\"x\":3.34360242,\"y\":17.7466717,\"z\":359.9904},\"RuntimeCreated\":true},{\"ObjectNameId\":\"140b93e8-56ee-4c19-9aea-9dec07a44558\",\"ItemId\":630,\"Position\":{\"x\":-1136.89734,\"y\":14.67764,\"z\":1770.81519},\"Rotation\":{\"x\":1.12790477,\"y\":303.8833,\"z\":2.720997},\"RuntimeCreated\":true},{\"ObjectNameId\":\"a6f104e4-f672-4c47-b47e-73ec641a9b71\",\"ItemId\":630,\"Position\":{\"x\":-1126.12048,\"y\":21.8768559,\"z\":1689.47729},\"Rotation\":{\"x\":349.334229,\"y\":1.59429407,\"z\":107.074295},\"RuntimeCreated\":true},{\"ObjectNameId\":\"13fbd817-29a0-40fc-8b1e-d2fecb28949b\",\"ItemId\":630,\"Position\":{\"x\":-1121.58728,\"y\":37.0650024,\"z\":1634.93262},\"Rotation\":{\"x\":352.177063,\"y\":166.570633,\"z\":1.86744225},\"RuntimeCreated\":true},{\"ObjectNameId\":\"985af26b-830c-4335-8a67-de8dbc7bce28\",\"ItemId\":630,\"Position\":{\"x\":-1023.07861,\"y\":98.86519,\"z\":1025.23779},\"Rotation\":{\"x\":2.78506136,\"y\":85.7539749,\"z\":1.14806938},\"RuntimeCreated\":true},{\"ObjectNameId\":\"4a9ddf95-84b4-4010-844c-233b8ff61fd9\",\"ItemId\":630,\"Position\":{\"x\":-1019.39612,\"y\":98.8612061,\"z\":1020.00867},\"Rotation\":{\"x\":3.79363227,\"y\":50.6989975,\"z\":110.485283},\"RuntimeCreated\":true},{\"ObjectNameId\":\"53adb2c2-85f3-483d-b4dd-3629fd624b15\",\"ItemId\":630,\"Position\":{\"x\":1233.46667,\"y\":237.736435,\"z\":-652.78},\"Rotation\":{\"x\":58.0089874,\"y\":198.96225,\"z\":263.106323},\"RuntimeCreated\":true},{\"ObjectNameId\":\"69d268f0-ba52-49e1-8640-af56da28e0ec\",\"ItemId\":630,\"Position\":{\"x\":-396.415344,\"y\":348.5992,\"z\":-1083.87915},\"Rotation\":{\"x\":348.7633,\"y\":217.245377,\"z\":208.320572},\"RuntimeCreated\":true},{\"ObjectNameId\":\"be4e7468-da35-49ca-a0f2-2050a5accd3b\",\"ItemId\":630,\"Position\":{\"x\":-652.103638,\"y\":193.65596,\"z\":-1041.69263},\"Rotation\":{\"x\":-0.00334850024,\"y\":55.9746475,\"z\":249.8566},\"RuntimeCreated\":true},{\"ObjectNameId\":\"044f626e-89d1-4e0c-bc10-11b07e93a656\",\"ItemId\":630,\"Position\":{\"x\":-642.017761,\"y\":193.768784,\"z\":-1052.52966},\"Rotation\":{\"x\":311.244873,\"y\":187.598114,\"z\":239.809723},\"State\":1,\"RuntimeCreated\":true},{\"ObjectNameId\":\"76fedfb9-092e-4e53-9561-fc0c01a4b51d\",\"ItemId\":630,\"Position\":{\"x\":-1623.55408,\"y\":15.2123489,\"z\":447.447021},\"Rotation\":{\"x\":358.291046,\"y\":98.0177841,\"z\":2.47797561},\"State\":1,\"RuntimeCreated\":true},{\"ObjectNameId\":\"09adf7f6-3c19-4f2e-909f-b389699d4615\",\"ItemId\":626,\"Position\":{\"x\":342.114075,\"y\":88.81177,\"z\":-1461.99878},\"Rotation\":{\"x\":339.435364,\"y\":40.27845,\"z\":359.7206},\"RuntimeCreated\":true},{\"ObjectNameId\":\"909c2f6f-43dd-4725-b466-67b27f6fda66\",\"ItemId\":630,\"Position\":{\"x\":-1625.18066,\"y\":15.172719,\"z\":440.660858},\"Rotation\":{\"x\":357.5735,\"y\":334.159454,\"z\":301.43985},\"State\":1,\"RuntimeCreated\":true},{\"ObjectNameId\":\"a24e61dc-0c61-4426-bb28-fa3fa3e77322\",\"ItemId\":630,\"State\":1,\"RuntimeCreated\":true},{\"ObjectNameId\":\"c9b0cc66-54cd-4c52-ba38-df9a0024fa96\",\"ItemId\":630,\"State\":1,\"RuntimeCreated\":true},{\"ObjectNameId\":\"0aca580e-00d4-4bca-b03a-de88f49c9d29\",\"ItemId\":630,\"State\":1,\"RuntimeCreated\":true},{\"ObjectNameId\":\"bd7cb09a-1612-4732-a530-5aaab754ff44\",\"ItemId\":630,\"State\":1,\"RuntimeCreated\":true},{\"ObjectNameId\":\"c50d1da5-d7bb-4e57-9d14-fbfdbbcdd80f\",\"ItemId\":630,\"State\":1,\"RuntimeCreated\":true},{\"ObjectNameId\":\"e42aa3a4-4606-41a5-9c68-19fdb7b10d27\",\"ItemId\":630,\"Position\":{\"x\":-998.117,\"y\":267.094,\"z\":-694.903137},\"Rotation\":{\"x\":28.3315144,\"y\":55.7622948,\"z\":341.73764},\"State\":1,\"RuntimeCreated\":true},{\"ObjectNameId\":\"96e2cbb3-9036-446f-b547-9e8214aa3be0\",\"ItemId\":630,\"State\":1,\"RuntimeCreated\":true},{\"ObjectNameId\":\"b72e1f15-2eea-4478-8044-f374c3b1070b\",\"ItemId\":630,\"State\":1,\"RuntimeCreated\":true},{\"ObjectNameId\":\"63d7b6a4-d534-4047-b23a-0ed1679c129a\",\"ItemId\":630,\"State\":1,\"RuntimeCreated\":true},{\"ObjectNameId\":\"231e82d7-a5a3-4c23-bc99-7b10bd33145a\",\"ItemId\":630,\"State\":1,\"RuntimeCreated\":true},{\"ObjectNameId\":\"76e5c78c-4748-41ab-a302-764e215131f5\",\"ItemId\":630,\"State\":1,\"RuntimeCreated\":true},{\"ObjectNameId\":\"869e6f21-304f-4489-8902-4e4597af9edb\",\"ItemId\":630,\"State\":1,\"RuntimeCreated\":true},{\"ObjectNameId\":\"dcf9be42-3041-4754-af26-f4ae62f97b5e\",\"ItemId\":630,\"State\":1,\"RuntimeCreated\":true},{\"ObjectNameId\":\"f78ccabb-226c-4421-954f-d2167fd07fb7\",\"ItemId\":630,\"Position\":{\"x\":-1271.76025,\"y\":104.554909,\"z\":-13.9655743},\"Rotation\":{\"x\":47.7719765,\"y\":144.148911,\"z\":0.826261342},\"RuntimeCreated\":true},{\"ObjectNameId\":\"428c9c1d-918f-4909-957d-0d70424ac282\",\"ItemId\":630,\"State\":1,\"RuntimeCreated\":true},{\"ObjectNameId\":\"ace29a31-9920-4854-8feb-5bcfe67399cf\",\"ItemId\":630,\"State\":1,\"RuntimeCreated\":true},{\"ObjectNameId\":\"a75aef39-dcab-40da-8e73-61a3b7472c7e\",\"ItemId\":630,\"State\":1,\"RuntimeCreated\":true},{\"ObjectNameId\":\"c6be1ca9-439e-46b3-9b72-ceecb56f6f93\",\"ItemId\":630,\"State\":1,\"RuntimeCreated\":true},{\"ObjectNameId\":\"a11b7f58-a757-4a93-8ddc-17810c0787f8\",\"ItemId\":630,\"Position\":{\"x\":-1624.69531,\"y\":15.1866722,\"z\":439.871033},\"Rotation\":{\"x\":359.9897,\"y\":189.347412,\"z\":-6.798673E-05},\"State\":1,\"RuntimeCreated\":true},{\"ObjectNameId\":\"92b1cd7b-d98e-48a5-891d-d60b702dc324\",\"ItemId\":630,\"State\":1,\"RuntimeCreated\":true},{\"ObjectNameId\":\"264b772c-61ad-43c1-9970-19c67c4026f2\",\"ItemId\":630,\"State\":1,\"RuntimeCreated\":true},{\"ObjectNameId\":\"22b2926d-28e6-473b-8f7e-8930c6eb7609\",\"ItemId\":630,\"State\":1,\"RuntimeCreated\":true},{\"ObjectNameId\":\"2d8205fa-9e4a-4ac3-b8b4-2348aa8e71f2\",\"ItemId\":630,\"Position\":{\"x\":-1612.058,\"y\":15.3304234,\"z\":462.3638},\"Rotation\":{\"x\":1.28606808,\"y\":287.744934,\"z\":0.4079843},\"State\":1,\"RuntimeCreated\":true},{\"ObjectNameId\":\"4ecaf7bc-2dd8-4152-a120-b04eeffdd6f7\",\"ItemId\":630,\"State\":1,\"RuntimeCreated\":true},{\"ObjectNameId\":\"a54c9820-4a38-4cc0-8857-0e8fc5f30ab6\",\"ItemId\":630,\"State\":1,\"RuntimeCreated\":true},{\"ObjectNameId\":\"b88a94a6-601a-4e54-bdaa-a4f290045818\",\"ItemId\":630,\"State\":1,\"RuntimeCreated\":true},{\"ObjectNameId\":\"9b210a22-6182-4a0a-adef-2e5b3c024868\",\"ItemId\":630,\"State\":1,\"RuntimeCreated\":true},{\"ObjectNameId\":\"6d6fc6a8-6227-4db7-9c6c-783842b65d4d\",\"ItemId\":630,\"State\":1,\"RuntimeCreated\":true},{\"ObjectNameId\":\"8d68a8fa-a1b6-4267-be5d-19c65c251785\",\"ItemId\":630,\"State\":1,\"RuntimeCreated\":true},{\"ObjectNameId\":\"979c5d3f-efa2-45b3-a770-4a271568e53d\",\"ItemId\":630,\"State\":1,\"RuntimeCreated\":true},{\"ObjectNameId\":\"507e06b6-83e9-4790-83a6-d60ca6cb2725\",\"ItemId\":626,\"State\":1,\"RuntimeCreated\":true},{\"ObjectNameId\":\"7d792257-2eef-4e28-b1d3-f926bad605b6\",\"ItemId\":630,\"State\":1,\"RuntimeCreated\":true},{\"ObjectNameId\":\"cb3229a8-f254-4678-917a-cb7a01495186\",\"ItemId\":626,\"State\":1,\"RuntimeCreated\":true},{\"ObjectNameId\":\"084f5b59-cce0-4dda-978e-3e66dd4677b5\",\"ItemId\":626,\"State\":1,\"RuntimeCreated\":true},{\"ObjectNameId\":\"e07ffe69-a26d-4938-a873-72e32abec592\",\"ItemId\":630,\"State\":1,\"RuntimeCreated\":true},{\"ObjectNameId\":\"365dcbe8-83a8-47c2-b699-5d7ce3cb01c4\",\"ItemId\":626,\"State\":1,\"RuntimeCreated\":true},{\"ObjectNameId\":\"0c1a64a3-e7b9-4c69-8d14-88c5206a1bfd\",\"ItemId\":630,\"Position\":{\"x\":-1641.11853,\"y\":16.3112335,\"z\":406.357},\"Rotation\":{\"x\":53.2736359,\"y\":179.606354,\"z\":250.375809},\"State\":1,\"RuntimeCreated\":true},{\"ObjectNameId\":\"18e7b89b-f5aa-4e51-8e1a-65ab14f13e07\",\"ItemId\":626,\"State\":1,\"RuntimeCreated\":true},{\"ObjectNameId\":\"a66d88bb-1f0a-44de-9e44-29c29114c22d\",\"ItemId\":626,\"State\":1,\"RuntimeCreated\":true},{\"ObjectNameId\":\"afda6451-8aec-4afb-8fdc-6272693e70f5\",\"ItemId\":626,\"State\":1,\"RuntimeCreated\":true},{\"ObjectNameId\":\"770f121a-6ede-46b7-89a0-12a78ff57c53\",\"ItemId\":626,\"State\":1,\"RuntimeCreated\":true},{\"ObjectNameId\":\"6197c27c-6126-4e3b-8767-b6f32b5c1862\",\"ItemId\":626,\"State\":1,\"RuntimeCreated\":true},{\"ObjectNameId\":\"bdaa3fd0-6d14-401c-be03-b47a2ec93371\",\"ItemId\":626,\"State\":1,\"RuntimeCreated\":true},{\"ObjectNameId\":\"79959500-c695-4801-aa1f-02a016c53cb1\",\"ItemId\":626,\"State\":1,\"RuntimeCreated\":true},{\"ObjectNameId\":\"9d97f59f-96f8-4147-b526-35e999f3da96\",\"ItemId\":626,\"State\":1,\"RuntimeCreated\":true},{\"ObjectNameId\":\"23f573be-8bc4-456c-b1b5-780b059789d0\",\"ItemId\":626,\"State\":1,\"RuntimeCreated\":true},{\"ObjectNameId\":\"999cb084-0364-4a99-95e3-1c9267ec34dd\",\"ItemId\":626,\"State\":1,\"RuntimeCreated\":true},{\"ObjectNameId\":\"74c74870-1f42-4999-96e9-afbd38e04b73\",\"ItemId\":626,\"State\":1,\"RuntimeCreated\":true},{\"ObjectNameId\":\"9735b574-f739-4971-b5bd-f4e3fab6b1e4\",\"ItemId\":626,\"State\":1,\"RuntimeCreated\":true},{\"ObjectNameId\":\"723e688d-9f59-4351-a484-b970ee24f83c\",\"ItemId\":626,\"State\":1,\"RuntimeCreated\":true},{\"ObjectNameId\":\"67af7eaf-c65a-4015-ac75-a9e86dfc8074\",\"ItemId\":626,\"State\":1,\"RuntimeCreated\":true},{\"ObjectNameId\":\"f19ce214-5388-43f8-ade2-024565c830c1\",\"ItemId\":626,\"State\":1,\"RuntimeCreated\":true},{\"ObjectNameId\":\"44157ebe-dae3-4d1a-913e-e45f235912dc\",\"ItemId\":626,\"State\":1,\"RuntimeCreated\":true},{\"ObjectNameId\":\"7520402f-0bf5-42f1-ace8-c59329d2f096\",\"ItemId\":626,\"State\":1,\"RuntimeCreated\":true},{\"ObjectNameId\":\"076d3790-1221-496d-8403-10cf5495d588\",\"ItemId\":626,\"State\":1,\"RuntimeCreated\":true},{\"ObjectNameId\":\"b3d9eb12-6efe-4632-8298-db4f1229a1b2\",\"ItemId\":626,\"State\":1,\"RuntimeCreated\":true},{\"ObjectNameId\":\"bc9c8e1f-3e91-4850-9d99-8fd6d8df6d9a\",\"ItemId\":626,\"State\":1,\"RuntimeCreated\":true},{\"ObjectNameId\":\"4173f735-6eb0-4a13-be98-2eae31559ef3\",\"ItemId\":626,\"State\":1,\"RuntimeCreated\":true},{\"ObjectNameId\":\"fa1f9ac8-ff42-4447-8eeb-df4b43425f1f\",\"ItemId\":626,\"State\":1,\"RuntimeCreated\":true},{\"ObjectNameId\":\"36e64c11-eaf4-4080-8c9f-1d3f33a670c2\",\"ItemId\":626,\"State\":1,\"RuntimeCreated\":true},{\"ObjectNameId\":\"4bcbb83c-a3e0-4a31-a0e8-854a478d8bb2\",\"ItemId\":626,\"Position\":{\"x\":-799.256042,\"y\":284.135223,\"z\":-616.5812},\"Rotation\":{\"x\":339.9549,\"y\":104.411125,\"z\":359.590851},\"RuntimeCreated\":true},{\"ObjectNameId\":\"6a112e33-ad8b-40ef-9255-22b90d7b30e4\",\"ItemId\":626,\"State\":1,\"RuntimeCreated\":true},{\"ObjectNameId\":\"ecd2cee6-c303-4f9c-a4e0-020bb0b03f1e\",\"ItemId\":626,\"Position\":{\"x\":-1616.39221,\"y\":23.5807152,\"z\":444.440918},\"Rotation\":{\"x\":347.9869,\"y\":132.999084,\"z\":359.430176},\"State\":1,\"RuntimeCreated\":true},{\"ObjectNameId\":\"43cd8526-bfb8-4c76-9ad6-934ff4f01e34\",\"ItemId\":626,\"Position\":{\"x\":-1620.75623,\"y\":19.4469013,\"z\":447.113},\"Rotation\":{\"x\":15.2534208,\"y\":268.457642,\"z\":167.583084},\"State\":1,\"RuntimeCreated\":true},{\"ObjectNameId\":\"ecc61f3c-79db-4083-aaa3-aa025f012ee9\",\"ItemId\":626,\"State\":1,\"RuntimeCreated\":true},{\"ObjectNameId\":\"6e096da7-9986-421c-8711-0d1549d3b42b\",\"ItemId\":630,\"State\":1,\"RuntimeCreated\":true},{\"ObjectNameId\":\"0215ba7f-0bda-40e1-adc0-4c0fd4fcb4e4\",\"ItemId\":630,\"State\":1,\"RuntimeCreated\":true},{\"ObjectNameId\":\"013a1351-c6dd-41c2-b226-7f060b05101e\",\"ItemId\":630,\"State\":1,\"RuntimeCreated\":true},{\"ObjectNameId\":\"d2a23271-b77b-4fe0-9af7-7370e657a3ed\",\"ItemId\":626,\"State\":1,\"RuntimeCreated\":true},{\"ObjectNameId\":\"1b3267f7-d033-4c20-9d5a-26e7114bba45\",\"ItemId\":630,\"State\":1,\"RuntimeCreated\":true},{\"ObjectNameId\":\"4a120580-91af-4f17-babf-91296effe366\",\"ItemId\":626,\"State\":1,\"RuntimeCreated\":true},{\"ObjectNameId\":\"0554d8c0-8398-4a8b-862b-236cf8a5464c\",\"ItemId\":626,\"State\":1,\"RuntimeCreated\":true},{\"ObjectNameId\":\"ecad3a8c-2cd2-4780-bb2f-fb5135963b18\",\"ItemId\":626,\"State\":1,\"RuntimeCreated\":true},{\"ObjectNameId\":\"6a878a33-76d0-4dd0-973d-73b9f90bc2c9\",\"ItemId\":630,\"Position\":{\"x\":-1626.06738,\"y\":15.0090475,\"z\":462.151},\"Rotation\":{\"x\":1.46036136,\"y\":185.538223,\"z\":0.002196379},\"State\":1,\"RuntimeCreated\":true},{\"ObjectNameId\":\"3dd864f7-9431-4eab-a9a8-99bc2a442df7\",\"ItemId\":626,\"State\":1,\"RuntimeCreated\":true},{\"ObjectNameId\":\"ccb6c763-95c0-4f45-9ac0-0e87f91d929a\",\"ItemId\":626,\"State\":1,\"RuntimeCreated\":true},{\"ObjectNameId\":\"b93ae757-b21f-4005-863a-5fb4fff9a07a\",\"ItemId\":626,\"State\":1,\"RuntimeCreated\":true},{\"ObjectNameId\":\"31c4ce74-5118-43dc-83b9-55a7a435fe83\",\"ItemId\":626,\"State\":1,\"RuntimeCreated\":true},{\"ObjectNameId\":\"8a89caac-f136-4164-9e81-26d3aebbe30d\",\"ItemId\":626,\"State\":1,\"RuntimeCreated\":true},{\"ObjectNameId\":\"a661db3e-600c-4f2a-9f19-365fb5097482\",\"ItemId\":626,\"State\":1,\"RuntimeCreated\":true},{\"ObjectNameId\":\"fbf46784-753a-4e02-a755-15d095511de3\",\"ItemId\":626,\"State\":1,\"RuntimeCreated\":true},{\"ObjectNameId\":\"88e6d10a-b411-40e7-a9f9-12946aafd6fd\",\"ItemId\":626,\"State\":1,\"RuntimeCreated\":true},{\"ObjectNameId\":\"f8102e5e-126e-4a53-a426-a850a223efa2\",\"ItemId\":626,\"State\":1,\"RuntimeCreated\":true},{\"ObjectNameId\":\"b5e92dc5-8fee-46c7-b52c-c889cc15bcf3\",\"ItemId\":626,\"Position\":{\"x\":-1595.23279,\"y\":15.882102,\"z\":452.063019},\"Rotation\":{\"x\":335.242249,\"y\":147.875656,\"z\":3.17988563},\"State\":1,\"RuntimeCreated\":true},{\"ObjectNameId\":\"5698bf52-5f63-40fd-8795-7027027b33e0\",\"ItemId\":626,\"Position\":{\"x\":-1616.80286,\"y\":16.3021889,\"z\":449.774384},\"Rotation\":{\"x\":356.365723,\"y\":145.548035,\"z\":270.274963},\"RuntimeCreated\":true},{\"ObjectNameId\":\"94bbfbde-2b82-48ec-b8dc-e68cbe492e5a\",\"ItemId\":630,\"Position\":{\"x\":-1191.13989,\"y\":64.88221,\"z\":137.030319},\"Rotation\":{\"x\":359.959473,\"y\":132.89299,\"z\":0.21748817},\"State\":1,\"RuntimeCreated\":true},{\"ObjectNameId\":\"4a31f99b-da5d-4dd1-9823-8148436da908\",\"ItemId\":630,\"State\":1,\"RuntimeCreated\":true},{\"ObjectNameId\":\"6d789937-7a2b-4912-87ba-288c7ac91dc1\",\"ItemId\":630,\"State\":1,\"RuntimeCreated\":true},{\"ObjectNameId\":\"0d48d609-47db-4903-9caf-9edc871344ab\",\"ItemId\":630,\"Position\":{\"x\":-1191.10327,\"y\":67.40804,\"z\":129.6987},\"Rotation\":{\"x\":359.962128,\"y\":58.57502,\"z\":0.08463065},\"State\":1,\"RuntimeCreated\":true},{\"ObjectNameId\":\"f334ae8a-a846-4624-ac78-2a81b1df206a\",\"ItemId\":630,\"Position\":{\"x\":-1186.0592,\"y\":60.0364723,\"z\":176.559341},\"Rotation\":{\"x\":359.9511,\"y\":5.068756,\"z\":351.1961},\"RuntimeCreated\":true},{\"ObjectNameId\":\"7306790f-6a20-4dd2-b636-c5c21bf85e5b\",\"ItemId\":630,\"State\":1,\"RuntimeCreated\":true},{\"ObjectNameId\":\"7335e3bb-c68e-4b74-8aa0-041bcc200f26\",\"ItemId\":630,\"State\":1,\"RuntimeCreated\":true},{\"ObjectNameId\":\"4aeac545-769d-4e5b-9669-0c7905feaca9\",\"ItemId\":630,\"State\":1,\"RuntimeCreated\":true},{\"ObjectNameId\":\"81b69e4c-a8fb-4ae8-9836-1e52f34d6d86\",\"ItemId\":630,\"Position\":{\"x\":-1624.672,\"y\":15.0336161,\"z\":461.722076},\"Rotation\":{\"x\":0.191067785,\"y\":188.039841,\"z\":358.663239},\"RuntimeCreated\":true},{\"ObjectNameId\":\"e18c1574-1424-4a8a-a36e-196b9e8d38a8\",\"ItemId\":630,\"State\":1,\"RuntimeCreated\":true},{\"ObjectNameId\":\"f9a3b4f5-9013-4c6e-b0bf-d4b33b3998be\",\"ItemId\":630,\"Position\":{\"x\":-1594.69958,\"y\":28.0812111,\"z\":436.024353},\"Rotation\":{\"x\":55.0407524,\"y\":234.508224,\"z\":86.59475},\"RuntimeCreated\":true},{\"ObjectNameId\":\"80b6b3ce-f365-406a-b6b9-4dd9f0984eed\",\"ItemId\":626,\"Position\":{\"x\":-1594.338,\"y\":28.6016331,\"z\":433.206024},\"Rotation\":{\"x\":354.868439,\"y\":136.771,\"z\":306.1282},\"RuntimeCreated\":true}]}"}}