{"Version":"0.0.0","Data":{"WorldItemManager":"{\"Version\":\"0.0.0\",\"WorldItemStates\":[{\"ObjectNameId\":\"World.GolfCart.01\",\"Position\":{\"x\":735.561462,\"y\":92.11,\"z\":1492.85645},\"Rotation\":{\"y\":59.3326035}},{\"ObjectNameId\":\"World.GolfCart.02\",\"Position\":{\"x\":1030.9928,\"y\":83.629,\"z\":1523.309},\"Rotation\":{\"y\":310.235138}},{\"ObjectNameId\":\"World.GolfCart.03\",\"Position\":{\"x\":1582.8606,\"y\":98.373,\"z\":1340.59045},\"Rotation\":{\"y\":146.876465}},{\"ObjectNameId\":\"World.GolfCart.04\",\"Position\":{\"x\":1014.11,\"y\":140.11,\"z\":1223.06},\"Rotation\":{\"y\":146.876465}},{\"ObjectNameId\":\"World.GolfCart.05\",\"Position\":{\"x\":1927.873,\"y\":14.9487848,\"z\":399.5653},\"Rotation\":{\"x\":3.311129E-05,\"y\":90.60711,\"z\":-0.00024451135},\"ItemStateData\":[{\"Power\":1000.0,\"StateDataTypeId\":1,\"Version\":\"0.0.0\"}]},{\"ObjectNameId\":\"World.GolfCart.06\",\"Position\":{\"x\":1848.24963,\"y\":16.2351418,\"z\":1484.00879},\"Rotation\":{\"x\":0.4094125,\"y\":316.741241,\"z\":4.110993},\"ItemStateData\":[{\"Power\":819.52356,\"StateDataTypeId\":1,\"Version\":\"0.0.0\"}]},{\"ObjectNameId\":\"World.GolfCart.07\",\"Position\":{\"x\":1691.495,\"y\":28.776,\"z\":1027.62219},\"Rotation\":{\"y\":97.15335}},{\"ObjectNameId\":\"World.GolfCart.08\",\"Position\":{\"x\":1828.626,\"y\":49.343,\"z\":-484.002},\"Rotation\":{\"y\":97.15335}},{\"ObjectNameId\":\"World.GolfCart.09\",\"Position\":{\"x\":1815.72327,\"y\":49.343,\"z\":-509.155945},\"Rotation\":{\"y\":304.951}},{\"ObjectNameId\":\"World.GolfCart.10\",\"Position\":{\"x\":-1134.227,\"y\":279.003,\"z\":-1106.351},\"Rotation\":{\"y\":16.8130627}},{\"ObjectNameId\":\"World.GolfCart.11\",\"Position\":{\"x\":-594.394653,\"y\":321.764862,\"z\":-556.939331},\"Rotation\":{\"x\":9.710952,\"y\":205.099869,\"z\":353.8369},\"ItemStateData\":[{\"Power\":1000.0,\"StateDataTypeId\":1,\"Version\":\"0.0.0\"}]},{\"ObjectNameId\":\"World.GolfCart.12\",\"Position\":{\"x\":-596.8075,\"y\":321.1153,\"z\":-559.8866},\"Rotation\":{\"x\":1.675479,\"y\":298.2231,\"z\":9.206819},\"ItemStateData\":[{\"Power\":1000.0,\"StateDataTypeId\":1,\"Version\":\"0.0.0\"}]},{\"ObjectNameId\":\"World.GolfCart.13\",\"Position\":{\"x\":1044.47461,\"y\":15.608963,\"z\":1835.8418},\"Rotation\":{\"x\":0.823326766,\"y\":351.0721,\"z\":357.9634},\"ItemStateData\":[{\"Power\":1000.0,\"StateDataTypeId\":1,\"Version\":\"0.0.0\"}]},{\"ObjectNameId\":\"World.HangGlider.01\",\"ItemId\":626,\"Position\":{\"x\":-504.4314,\"y\":322.9,\"z\":-307.391937},\"Rotation\":{\"x\":347.33783,\"y\":304.745667,\"z\":6.05460072}},{\"ObjectNameId\":\"World.HangGlider.02\",\"ItemId\":626,\"Position\":{\"x\":-129.59,\"y\":409.49,\"z\":-1028.08},\"Rotation\":{\"x\":345.409454,\"y\":329.2675,\"z\":0.93207866},\"State\":1},{\"ObjectNameId\":\"World.HangGlider.03\",\"ItemId\":626,\"Position\":{\"x\":366.28,\"y\":528.44,\"z\":-160.22},\"Rotation\":{\"x\":345.409454,\"y\":329.2675,\"z\":0.93207866}},{\"ObjectNameId\":\"World.HangGlider.04\",\"ItemId\":626,\"Position\":{\"x\":-1184.1,\"y\":221.516174,\"z\":-1728.82288},\"Rotation\":{\"x\":339.567169,\"y\":202.175552,\"z\":358.482422}},{\"ObjectNameId\":\"World.HangGlider.05\",\"ItemId\":626,\"Position\":{\"x\":733.1571,\"y\":369.35,\"z\":740.7741},\"Rotation\":{\"x\":346.592865,\"y\":55.28923,\"z\":3.63867712}},{\"ObjectNameId\":\"World.HangGlider.06\",\"ItemId\":626,\"Position\":{\"x\":1083.82,\"y\":276.317383,\"z\":-108.445892},\"Rotation\":{\"x\":344.984741,\"y\":55.88374,\"z\":1.21760261}},{\"ObjectNameId\":\"World.HangGlider.07\",\"ItemId\":626,\"Position\":{\"x\":797.909,\"y\":227.65,\"z\":974.662},\"Rotation\":{\"x\":344.984772,\"y\":85.53987,\"z\":1.21760166}},{\"ObjectNameId\":\"World.HangGlider.08\",\"ItemId\":626,\"Position\":{\"x\":-30.42196,\"y\":250.851,\"z\":665.780762},\"Rotation\":{\"x\":344.984772,\"y\":29.0722332,\"z\":1.2176019}},{\"ObjectNameId\":\"World.HangGlider.09\",\"ItemId\":626,\"Position\":{\"x\":1297.53906,\"y\":193.973,\"z\":-30.139},\"Rotation\":{\"x\":344.984741,\"y\":92.78199,\"z\":1.217601}},{\"ObjectNameId\":\"World.HangGlider.10\",\"ItemId\":626,\"Position\":{\"x\":789.7307,\"y\":400.973053,\"z\":273.9027},\"Rotation\":{\"x\":347.482727,\"y\":134.715927,\"z\":6.64512062}},{\"ObjectNameId\":\"World.HangGlider.11\",\"ItemId\":626,\"Position\":{\"x\":-1772.03,\"y\":83.56678,\"z\":1171.02441},\"Rotation\":{\"x\":347.06366,\"y\":258.640076,\"z\":4.550671},\"State\":1},{\"ObjectNameId\":\"World.HangGlider.12\",\"ItemId\":626,\"Position\":{\"x\":-1297.054,\"y\":79.975,\"z\":1740.63477},\"Rotation\":{\"x\":345.6263,\"y\":51.9747849,\"z\":2.88373137}},{\"ObjectNameId\":\"World.HangGlider.13\",\"ItemId\":626,\"Position\":{\"x\":-799.537,\"y\":189.46,\"z\":-281.768},\"Rotation\":{\"x\":345.6263,\"y\":325.6798,\"z\":2.883733}},{\"ObjectNameId\":\"World.HangGlider.14\",\"ItemId\":626,\"Position\":{\"x\":846.108,\"y\":208.549,\"z\":1105.33716},\"Rotation\":{\"x\":345.6263,\"y\":41.03186,\"z\":2.88373685}},{\"ObjectNameId\":\"World.KnightV.01\",\"ItemId\":630,\"Position\":{\"x\":-1271.26,\"y\":103.854,\"z\":-14.9114027},\"Rotation\":{\"z\":326.879028},\"State\":1},{\"ObjectNameId\":\"World.KnightV.02\",\"ItemId\":630,\"Position\":{\"x\":-1121.4198,\"y\":37.108,\"z\":1628.24243},\"Rotation\":{\"x\":352.2902,\"y\":49.62521,\"z\":311.589752},\"State\":1},{\"ObjectNameId\":\"World.KnightV.03\",\"ItemId\":630,\"Position\":{\"x\":-238.128,\"y\":97.089,\"z\":950.960266},\"Rotation\":{\"x\":356.628723,\"y\":69.52765,\"z\":37.5220947}},{\"ObjectNameId\":\"World.KnightV.04\",\"ItemId\":630,\"Position\":{\"x\":-1031.791,\"y\":226.86,\"z\":-625.11},\"Rotation\":{\"x\":351.3573,\"y\":158.840546,\"z\":335.1593}},{\"ObjectNameId\":\"World.KnightV.05\",\"ItemId\":630,\"Position\":{\"x\":1285.29871,\"y\":228.157,\"z\":-725.347},\"Rotation\":{\"x\":354.536316,\"y\":258.733917,\"z\":33.54773},\"State\":1},{\"ObjectNameId\":\"World.KnightV.06\",\"ItemId\":630,\"Position\":{\"x\":1106.58667,\"y\":87.5037155,\"z\":1622.528},\"Rotation\":{\"x\":353.512939,\"y\":186.727982,\"z\":59.38967}},{\"ObjectNameId\":\"World.KnightV.07\",\"ItemId\":630,\"Position\":{\"x\":1454.986,\"y\":192.25,\"z\":-417.372},\"Rotation\":{\"x\":355.17334,\"y\":306.921173,\"z\":323.681152}},{\"ObjectNameId\":\"World.KnightV.08\",\"ItemId\":630,\"Position\":{\"x\":-1092.74023,\"y\":93.476,\"z\":1277.42529},\"Rotation\":{\"x\":353.6405,\"y\":269.1214,\"z\":53.79985},\"State\":1},{\"ObjectNameId\":\"World.KnightV.09\",\"ItemId\":630,\"Position\":{\"x\":-1177.635,\"y\":227.554,\"z\":-1697.917},\"Rotation\":{\"x\":0.430921555,\"y\":210.561981,\"z\":312.084717}},{\"ObjectNameId\":\"World.KnightV.10\",\"ItemId\":630,\"Position\":{\"x\":-973.578,\"y\":272.885,\"z\":-783.283},\"Rotation\":{\"x\":359.134064,\"y\":148.511169,\"z\":308.603241}},{\"ObjectNameId\":\"World.KnightV.11\",\"ItemId\":630,\"Position\":{\"x\":-734.531,\"y\":134.001541,\"z\":28.555},\"Rotation\":{\"x\":359.134064,\"y\":275.3971,\"z\":308.603241},\"State\":1},{\"ObjectNameId\":\"World.KnightV.12\",\"ItemId\":630,\"Position\":{\"x\":-973.578,\"y\":272.885,\"z\":-783.283},\"Rotation\":{\"x\":359.134064,\"y\":148.511169,\"z\":308.603241}},{\"ObjectNameId\":\"World.KnightV.13\",\"ItemId\":630,\"Position\":{\"x\":-1132.82556,\"y\":278.821,\"z\":-1086.89417},\"Rotation\":{\"x\":356.135834,\"y\":114.3761,\"z\":40.2333832}},{\"ObjectNameId\":\"55e18708-604a-409e-a818-45cac98d8785\",\"ItemId\":630,\"Position\":{\"x\":1835.89209,\"y\":16.6803474,\"z\":1486.6283},\"Rotation\":{\"x\":-0.0004622784,\"y\":316.583,\"z\":359.987457},\"State\":1,\"RuntimeCreated\":true},{\"ObjectNameId\":\"b59e8e83-88d6-4eb4-8727-54f269c83f19\",\"ItemId\":630,\"Position\":{\"x\":-1134.02417,\"y\":37.56808,\"z\":1620.342},\"Rotation\":{\"x\":297.290924,\"y\":350.4947,\"z\":188.221985},\"RuntimeCreated\":true},{\"ObjectNameId\":\"6bd14ead-427c-4e52-97b7-625a8637e6ce\",\"ItemId\":630,\"Position\":{\"x\":-1131.50513,\"y\":37.6312523,\"z\":1631.88879},\"Rotation\":{\"x\":356.1406,\"y\":91.86352,\"z\":106.28318},\"RuntimeCreated\":true},{\"ObjectNameId\":\"8ded88b9-8e25-4a70-984e-7804169dddda\",\"ItemId\":630,\"Position\":{\"x\":-675.8434,\"y\":282.383881,\"z\":-606.1297},\"Rotation\":{\"x\":3.34023523,\"y\":15.430171,\"z\":359.970673},\"RuntimeCreated\":true},{\"ObjectNameId\":\"140b93e8-56ee-4c19-9aea-9dec07a44558\",\"ItemId\":630,\"Position\":{\"x\":-1136.89722,\"y\":14.6776609,\"z\":1770.81543},\"Rotation\":{\"x\":1.12272918,\"y\":303.8794,\"z\":2.703395},\"RuntimeCreated\":true},{\"ObjectNameId\":\"a6f104e4-f672-4c47-b47e-73ec641a9b71\",\"ItemId\":630,\"Position\":{\"x\":-1126.12048,\"y\":21.876833,\"z\":1689.47729},\"Rotation\":{\"x\":349.328674,\"y\":1.59005237,\"z\":107.065071},\"RuntimeCreated\":true},{\"ObjectNameId\":\"13fbd817-29a0-40fc-8b1e-d2fecb28949b\",\"ItemId\":630,\"Position\":{\"x\":-1121.5874,\"y\":37.0658569,\"z\":1634.93274},\"Rotation\":{\"x\":352.18338,\"y\":166.5654,\"z\":1.85996},\"RuntimeCreated\":true},{\"ObjectNameId\":\"985af26b-830c-4335-8a67-de8dbc7bce28\",\"ItemId\":630,\"Position\":{\"x\":-1023.07855,\"y\":98.86492,\"z\":1025.23779},\"Rotation\":{\"x\":2.782723,\"y\":85.75756,\"z\":1.14741},\"RuntimeCreated\":true},{\"ObjectNameId\":\"4a9ddf95-84b4-4010-844c-233b8ff61fd9\",\"ItemId\":630,\"Position\":{\"x\":-1019.39551,\"y\":98.86134,\"z\":1020.009},\"Rotation\":{\"x\":3.796637,\"y\":50.5824928,\"z\":110.362495},\"RuntimeCreated\":true},{\"ObjectNameId\":\"53adb2c2-85f3-483d-b4dd-3629fd624b15\",\"ItemId\":630,\"Position\":{\"x\":1233.46667,\"y\":237.736435,\"z\":-652.78},\"Rotation\":{\"x\":58.0089874,\"y\":198.96225,\"z\":263.106323},\"RuntimeCreated\":true},{\"ObjectNameId\":\"be4e7468-da35-49ca-a0f2-2050a5accd3b\",\"ItemId\":630,\"Position\":{\"x\":-652.2046,\"y\":194.475937,\"z\":-1041.78992},\"Rotation\":{\"x\":3.33401847,\"y\":62.5124664,\"z\":0.0125620225},\"RuntimeCreated\":true},{\"ObjectNameId\":\"09adf7f6-3c19-4f2e-909f-b389699d4615\",\"ItemId\":626,\"Position\":{\"x\":342.1141,\"y\":88.81176,\"z\":-1461.99915},\"Rotation\":{\"x\":339.437469,\"y\":40.2849464,\"z\":359.7152},\"RuntimeCreated\":true},{\"ObjectNameId\":\"f78ccabb-226c-4421-954f-d2167fd07fb7\",\"ItemId\":630,\"Position\":{\"x\":-1271.63708,\"y\":103.909904,\"z\":-14.1378355},\"Rotation\":{\"x\":90.0,\"y\":144.232544},\"RuntimeCreated\":true},{\"ObjectNameId\":\"4bcbb83c-a3e0-4a31-a0e8-854a478d8bb2\",\"ItemId\":626,\"Position\":{\"x\":-801.824036,\"y\":281.557037,\"z\":-615.796},\"Rotation\":{\"x\":317.55957,\"y\":107.222832,\"z\":358.984436},\"RuntimeCreated\":true},{\"ObjectNameId\":\"f334ae8a-a846-4624-ac78-2a81b1df206a\",\"ItemId\":630,\"Position\":{\"x\":-1186.66321,\"y\":59.940403,\"z\":176.639053},\"Rotation\":{\"x\":5.602888,\"y\":7.492218,\"z\":116.972565},\"RuntimeCreated\":true},{\"ObjectNameId\":\"f9a3b4f5-9013-4c6e-b0bf-d4b33b3998be\",\"ItemId\":630,\"Position\":{\"x\":-1594.98645,\"y\":28.1096783,\"z\":435.8086},\"Rotation\":{\"x\":63.7292862,\"y\":60.2825661,\"z\":274.235748},\"RuntimeCreated\":true},{\"ObjectNameId\":\"fc74b5f4-9fb2-422c-a7ff-13f5fe9b5eee\",\"ItemId\":626,\"Position\":{\"x\":-1622.04016,\"y\":16.8367558,\"z\":424.126984},\"Rotation\":{\"x\":323.651154,\"y\":122.820068,\"z\":10.5376682},\"RuntimeCreated\":true},{\"ObjectNameId\":\"9b34d284-8ffd-4650-b604-574883c38831\",\"ItemId\":626,\"Position\":{\"x\":-1626.48,\"y\":16.3897514,\"z\":426.2149},\"Rotation\":{\"x\":333.464783,\"y\":137.791977,\"z\":4.06871128},\"RuntimeCreated\":true},{\"ObjectNameId\":\"fa8e4ea7-131d-4a20-b0d6-030bfa6a9cbf\",\"ItemId\":630,\"Position\":{\"x\":-124.384621,\"y\":409.512451,\"z\":-1034.34448},\"Rotation\":{\"x\":-0.00100584561,\"y\":5.36459351,\"z\":0.00374567974},\"RuntimeCreated\":true},{\"ObjectNameId\":\"f04db7de-b5c9-4ba3-8a3a-66cdde5e670f\",\"ItemId\":630,\"Position\":{\"x\":-1625.48877,\"y\":15.0778255,\"z\":469.9652},\"Rotation\":{\"x\":358.9724,\"y\":77.45825,\"z\":1.60849488},\"RuntimeCreated\":true},{\"ObjectNameId\":\"2e4ed160-57e0-4dc7-903b-5b965e84949a\",\"ItemId\":626,\"Position\":{\"x\":1017.90222,\"y\":245.805984,\"z\":-506.320343},\"Rotation\":{\"x\":11.5345592,\"y\":188.043335,\"z\":1.46691144},\"RuntimeCreated\":true},{\"ObjectNameId\":\"d1ae9611-b1de-40f1-9b31-89a08607ce1f\",\"ItemId\":626,\"Position\":{\"x\":1035.57922,\"y\":243.551086,\"z\":-382.1773},\"Rotation\":{\"x\":359.520477,\"y\":29.6351318,\"z\":5.820335},\"RuntimeCreated\":true},{\"ObjectNameId\":\"86659040-a72e-4a12-96e6-af9f78d777c3\",\"ItemId\":626,\"Position\":{\"x\":946.8448,\"y\":249.722778,\"z\":-436.462158},\"Rotation\":{\"x\":0.0238757711,\"y\":345.297363,\"z\":359.6822},\"State\":1,\"RuntimeCreated\":true},{\"ObjectNameId\":\"4ea998fe-9042-43b6-bb50-e5e45d8ef7c1\",\"ItemId\":626,\"State\":1,\"RuntimeCreated\":true},{\"ObjectNameId\":\"537584ef-c272-4a2d-bb42-5bc7e18aa6c1\",\"ItemId\":626,\"State\":1,\"RuntimeCreated\":true},{\"ObjectNameId\":\"9f2bef02-e887-4b81-b870-72b99af96cd3\",\"ItemId\":626,\"State\":1,\"RuntimeCreated\":true},{\"ObjectNameId\":\"7cc62104-8ebf-46f7-93f6-7bccc87007a9\",\"ItemId\":626,\"State\":1,\"RuntimeCreated\":true},{\"ObjectNameId\":\"d96e76bd-215a-4f84-8a4d-9bc1793d7eaa\",\"ItemId\":626,\"Position\":{\"x\":216.143616,\"y\":735.3191,\"z\":173.1133},\"Rotation\":{\"x\":315.392944,\"y\":176.828552,\"z\":1.4311564},\"RuntimeCreated\":true},{\"ObjectNameId\":\"fd85576a-0a60-46e6-b9d3-1550bf439c95\",\"ItemId\":630,\"State\":1,\"RuntimeCreated\":true},{\"ObjectNameId\":\"00b71faf-599a-4eaa-bd9c-89c0f7682573\",\"ItemId\":630,\"State\":1,\"RuntimeCreated\":true},{\"ObjectNameId\":\"d6322b33-9093-4a47-b961-73e6309919d0\",\"ItemId\":630,\"State\":1,\"RuntimeCreated\":true},{\"ObjectNameId\":\"1ac28c3c-3d27-4fb8-b534-04e6c5d4b14b\",\"ItemId\":630,\"State\":1,\"RuntimeCreated\":true},{\"ObjectNameId\":\"a66cda51-0c4b-45f2-803e-15171085ea1a\",\"ItemId\":630,\"State\":1,\"RuntimeCreated\":true},{\"ObjectNameId\":\"56c4e9ef-c395-4b80-8396-2f9fc4abf7c2\",\"ItemId\":630,\"State\":1,\"RuntimeCreated\":true},{\"ObjectNameId\":\"f7697932-bfec-4b2f-b6d6-67c575628baf\",\"ItemId\":630,\"State\":1,\"RuntimeCreated\":true},{\"ObjectNameId\":\"7ff93326-70f1-4560-9218-f5cfdaea89a2\",\"ItemId\":630,\"State\":1,\"RuntimeCreated\":true},{\"ObjectNameId\":\"f8d61371-6dba-4f8b-adeb-c17a6c533548\",\"ItemId\":630,\"State\":1,\"RuntimeCreated\":true},{\"ObjectNameId\":\"7312e939-9aba-49c4-9ecd-a4afa81f030d\",\"ItemId\":630,\"Position\":{\"x\":-1607.46777,\"y\":15.450386,\"z\":458.547546},\"Rotation\":{\"x\":1.3513211,\"y\":259.7623,\"z\":109.909653},\"RuntimeCreated\":true}]}"}}