{"Version":"0.0.0","Data":{"ZipLineManager":"{\"Version\":\"0.0.0\",\"Ziplines\":[{\"_anchorAPosition\":{\"x\":-1253.61658,\"y\":147.518982,\"z\":-308.9098},\"_anchorBPosition\":{\"x\":-1239.496,\"y\":151.557129,\"z\":-314.37793},\"_canBeDismantled\":true},{\"_anchorAPosition\":{\"x\":-1248.01025,\"y\":149.116821,\"z\":-312.643646},\"_anchorBPosition\":{\"x\":-1243.77515,\"y\":148.911591,\"z\":-308.445526},\"_canBeDismantled\":true},{\"_anchorAPosition\":{\"x\":-1254.87756,\"y\":141.059677,\"z\":-248.83873},\"_anchorBPosition\":{\"x\":-1278.31445,\"y\":122.811363,\"z\":-148.431717},\"_canBeDismantled\":true},{\"_anchorAPosition\":{\"x\":-631.502136,\"y\":311.222321,\"z\":-600.14386},\"_anchorBPosition\":{\"x\":-668.863647,\"y\":288.428131,\"z\":-644.078064},\"_canBeDismantled\":true},{\"_anchorAPosition\":{\"x\":-549.842834,\"y\":191.5403,\"z\":154.067062},\"_anchorBPosition\":{\"x\":-538.994934,\"y\":195.501984,\"z\":138.587524},\"_canBeDismantled\":true},{\"_anchorAPosition\":{\"x\":-1604.34229,\"y\":33.0074158,\"z\":444.4609},\"_anchorBPosition\":{\"x\":-1474.65894,\"y\":21.1858444,\"z\":428.263},\"_canBeDismantled\":true},{\"_anchorAPosition\":{\"x\":-667.8033,\"y\":59.54212,\"z\":1149.399},\"_anchorBPosition\":{\"x\":-677.568,\"y\":51.45502,\"z\":1159.01709},\"_canBeDismantled\":true},{\"_anchorAPosition\":{\"x\":-1592.309,\"y\":62.7413025,\"z\":425.683533},\"_anchorBPosition\":{\"x\":-1624.71521,\"y\":23.26058,\"z\":450.8395},\"_canBeDismantled\":true},{\"_anchorAPosition\":{\"x\":-1474.83875,\"y\":21.0279942,\"z\":430.4447},\"_anchorBPosition\":{\"x\":-1621.043,\"y\":19.50729,\"z\":455.738037},\"_canBeDismantled\":true},{\"_anchorAPosition\":{\"x\":-1595.44263,\"y\":57.5047531,\"z\":431.133},\"_anchorBPosition\":{\"x\":-1553.50818,\"y\":29.25215,\"z\":417.486755},\"_canBeDismantled\":true},{\"_anchorAPosition\":{\"x\":-1625.40649,\"y\":23.0044136,\"z\":449.998322},\"_anchorBPosition\":{\"x\":-1610.222,\"y\":44.4720726,\"z\":356.399933},\"_canBeDismantled\":true},{\"_anchorAPosition\":{\"x\":427.772125,\"y\":602.7606,\"z\":157.288757},\"_anchorBPosition\":{\"x\":373.543121,\"y\":635.7935,\"z\":165.863464},\"_canBeDismantled\":true},{\"_anchorAPosition\":{\"x\":-480.732361,\"y\":80.30308,\"z\":712.0596},\"_anchorBPosition\":{\"x\":-415.4008,\"y\":78.11891,\"z\":712.0325},\"_canBeDismantled\":true}]}"}}