{"Version":"0.0.0","Data":{"WorldItemManager":"{\"Version\":\"0.0.0\",\"WorldItemStates\":[{\"ObjectNameId\":\"World.GolfCart.01\",\"Position\":{\"x\":735.561462,\"y\":92.11,\"z\":1492.85645},\"Rotation\":{\"y\":59.3326035}},{\"ObjectNameId\":\"World.GolfCart.02\",\"Position\":{\"x\":1030.9928,\"y\":83.629,\"z\":1523.309},\"Rotation\":{\"y\":310.235138}},{\"ObjectNameId\":\"World.GolfCart.03\",\"Position\":{\"x\":1582.8606,\"y\":98.373,\"z\":1340.59045},\"Rotation\":{\"y\":146.876465}},{\"ObjectNameId\":\"World.GolfCart.04\",\"Position\":{\"x\":1014.11,\"y\":140.11,\"z\":1223.06},\"Rotation\":{\"y\":146.876465}},{\"ObjectNameId\":\"World.GolfCart.05\",\"Position\":{\"x\":1903.9,\"y\":15.253,\"z\":461.64},\"Rotation\":{\"y\":146.876465}},{\"ObjectNameId\":\"World.GolfCart.06\",\"Position\":{\"x\":1839.567,\"y\":15.09,\"z\":355.608978},\"Rotation\":{\"y\":97.15335}},{\"ObjectNameId\":\"World.GolfCart.07\",\"Position\":{\"x\":1691.495,\"y\":28.776,\"z\":1027.62219},\"Rotation\":{\"y\":97.15335}},{\"ObjectNameId\":\"World.GolfCart.08\",\"Position\":{\"x\":1828.626,\"y\":49.343,\"z\":-484.002},\"Rotation\":{\"y\":97.15335}},{\"ObjectNameId\":\"World.GolfCart.09\",\"Position\":{\"x\":1815.72327,\"y\":49.343,\"z\":-509.155945},\"Rotation\":{\"y\":304.951}},{\"ObjectNameId\":\"World.GolfCart.10\",\"Position\":{\"x\":-1134.227,\"y\":279.003,\"z\":-1106.351},\"Rotation\":{\"y\":16.8130627}},{\"ObjectNameId\":\"World.GolfCart.11\",\"Position\":{\"x\":-594.394653,\"y\":321.764862,\"z\":-556.939331},\"Rotation\":{\"x\":9.710952,\"y\":205.099869,\"z\":353.8369},\"ItemStateData\":[{\"Power\":1000.0,\"StateDataTypeId\":1,\"Version\":\"0.0.0\"}]},{\"ObjectNameId\":\"World.GolfCart.12\",\"Position\":{\"x\":-596.8075,\"y\":321.1153,\"z\":-559.8866},\"Rotation\":{\"x\":1.675479,\"y\":298.2231,\"z\":9.206819},\"ItemStateData\":[{\"Power\":1000.0,\"StateDataTypeId\":1,\"Version\":\"0.0.0\"}]},{\"ObjectNameId\":\"World.GolfCart.13\",\"Position\":{\"x\":1044.47864,\"y\":16.305,\"z\":1825.028},\"Rotation\":{\"x\":7.10553932}},{\"ObjectNameId\":\"World.HangGlider.01\",\"ItemId\":626,\"Position\":{\"x\":-504.4314,\"y\":322.9,\"z\":-307.391937},\"Rotation\":{\"x\":347.33783,\"y\":304.745667,\"z\":6.05460072}},{\"ObjectNameId\":\"World.HangGlider.02\",\"ItemId\":626,\"Position\":{\"x\":-129.59,\"y\":409.49,\"z\":-1028.08},\"Rotation\":{\"x\":345.409454,\"y\":329.2675,\"z\":0.93207866}},{\"ObjectNameId\":\"World.HangGlider.03\",\"ItemId\":626,\"Position\":{\"x\":366.28,\"y\":528.44,\"z\":-160.22},\"Rotation\":{\"x\":345.409454,\"y\":329.2675,\"z\":0.93207866}},{\"ObjectNameId\":\"World.HangGlider.04\",\"ItemId\":626,\"Position\":{\"x\":-1184.1,\"y\":221.516174,\"z\":-1728.82288},\"Rotation\":{\"x\":339.567169,\"y\":202.175552,\"z\":358.482422}},{\"ObjectNameId\":\"World.HangGlider.05\",\"ItemId\":626,\"Position\":{\"x\":733.1571,\"y\":369.35,\"z\":740.7741},\"Rotation\":{\"x\":346.592865,\"y\":55.28923,\"z\":3.63867712}},{\"ObjectNameId\":\"World.HangGlider.06\",\"ItemId\":626,\"Position\":{\"x\":1083.82,\"y\":276.317383,\"z\":-108.445892},\"Rotation\":{\"x\":344.984741,\"y\":55.88374,\"z\":1.21760261}},{\"ObjectNameId\":\"World.HangGlider.07\",\"ItemId\":626,\"Position\":{\"x\":797.909,\"y\":227.65,\"z\":974.662},\"Rotation\":{\"x\":344.984772,\"y\":85.53987,\"z\":1.21760166}},{\"ObjectNameId\":\"World.HangGlider.08\",\"ItemId\":626,\"Position\":{\"x\":-30.42196,\"y\":250.851,\"z\":665.780762},\"Rotation\":{\"x\":344.984772,\"y\":29.0722332,\"z\":1.2176019}},{\"ObjectNameId\":\"World.HangGlider.09\",\"ItemId\":626,\"Position\":{\"x\":1297.53906,\"y\":193.973,\"z\":-30.139},\"Rotation\":{\"x\":344.984741,\"y\":92.78199,\"z\":1.217601}},{\"ObjectNameId\":\"World.HangGlider.10\",\"ItemId\":626,\"Position\":{\"x\":789.7307,\"y\":400.973053,\"z\":273.9027},\"Rotation\":{\"x\":347.482727,\"y\":134.715927,\"z\":6.64512062}},{\"ObjectNameId\":\"World.HangGlider.11\",\"ItemId\":626,\"Position\":{\"x\":-1772.03,\"y\":83.56678,\"z\":1171.02441},\"Rotation\":{\"x\":347.06366,\"y\":258.640076,\"z\":4.550671}},{\"ObjectNameId\":\"World.HangGlider.12\",\"ItemId\":626,\"Position\":{\"x\":-1297.054,\"y\":79.975,\"z\":1740.63477},\"Rotation\":{\"x\":345.6263,\"y\":51.9747849,\"z\":2.88373137}},{\"ObjectNameId\":\"World.HangGlider.13\",\"ItemId\":626,\"Position\":{\"x\":-799.537,\"y\":189.46,\"z\":-281.768},\"Rotation\":{\"x\":345.6263,\"y\":325.6798,\"z\":2.883733}},{\"ObjectNameId\":\"World.HangGlider.14\",\"ItemId\":626,\"Position\":{\"x\":846.108,\"y\":208.549,\"z\":1105.33716},\"Rotation\":{\"x\":345.6263,\"y\":41.03186,\"z\":2.88373685}},{\"ObjectNameId\":\"World.KnightV.01\",\"ItemId\":630,\"Position\":{\"x\":-1271.26,\"y\":103.854,\"z\":-14.9114027},\"Rotation\":{\"z\":326.879028},\"State\":1},{\"ObjectNameId\":\"World.KnightV.02\",\"ItemId\":630,\"Position\":{\"x\":-1121.4198,\"y\":37.108,\"z\":1628.24243},\"Rotation\":{\"x\":352.2902,\"y\":49.62521,\"z\":311.589752},\"State\":1},{\"ObjectNameId\":\"World.KnightV.03\",\"ItemId\":630,\"Position\":{\"x\":-238.128,\"y\":97.089,\"z\":950.960266},\"Rotation\":{\"x\":356.628723,\"y\":69.52765,\"z\":37.52209}},{\"ObjectNameId\":\"World.KnightV.04\",\"ItemId\":630,\"Position\":{\"x\":-1031.791,\"y\":226.86,\"z\":-625.11},\"Rotation\":{\"x\":351.3573,\"y\":158.840546,\"z\":335.1593}},{\"ObjectNameId\":\"World.KnightV.05\",\"ItemId\":630,\"Position\":{\"x\":1285.29871,\"y\":228.157,\"z\":-725.347},\"Rotation\":{\"x\":354.536316,\"y\":258.733917,\"z\":33.54773}},{\"ObjectNameId\":\"World.KnightV.06\",\"ItemId\":630,\"Position\":{\"x\":1106.58667,\"y\":87.5037155,\"z\":1622.528},\"Rotation\":{\"x\":353.512939,\"y\":186.727982,\"z\":59.38967}},{\"ObjectNameId\":\"World.KnightV.07\",\"ItemId\":630,\"Position\":{\"x\":1454.986,\"y\":192.25,\"z\":-417.372},\"Rotation\":{\"x\":355.17334,\"y\":306.921173,\"z\":323.681152}},{\"ObjectNameId\":\"World.KnightV.08\",\"ItemId\":630,\"Position\":{\"x\":-1092.74023,\"y\":93.476,\"z\":1277.42529},\"Rotation\":{\"x\":353.6405,\"y\":269.1214,\"z\":53.79985},\"State\":1},{\"ObjectNameId\":\"World.KnightV.09\",\"ItemId\":630,\"Position\":{\"x\":-1177.635,\"y\":227.554,\"z\":-1697.917},\"Rotation\":{\"x\":0.430921555,\"y\":210.561981,\"z\":312.084717}},{\"ObjectNameId\":\"World.KnightV.10\",\"ItemId\":630,\"Position\":{\"x\":-973.578,\"y\":272.885,\"z\":-783.283},\"Rotation\":{\"x\":359.134064,\"y\":148.511169,\"z\":308.603241}},{\"ObjectNameId\":\"World.KnightV.11\",\"ItemId\":630,\"Position\":{\"x\":-734.531,\"y\":134.001541,\"z\":28.555},\"Rotation\":{\"x\":359.134064,\"y\":275.3971,\"z\":308.603241},\"State\":1},{\"ObjectNameId\":\"World.KnightV.12\",\"ItemId\":630,\"Position\":{\"x\":-973.578,\"y\":272.885,\"z\":-783.283},\"Rotation\":{\"x\":359.134064,\"y\":148.511169,\"z\":308.603241}},{\"ObjectNameId\":\"World.KnightV.13\",\"ItemId\":630,\"Position\":{\"x\":-1132.82556,\"y\":278.821,\"z\":-1086.89417},\"Rotation\":{\"x\":356.135834,\"y\":114.3761,\"z\":40.2333832}},{\"ObjectNameId\":\"55e18708-604a-409e-a818-45cac98d8785\",\"ItemId\":630,\"Position\":{\"x\":1835.89172,\"y\":16.6803112,\"z\":1486.6283},\"Rotation\":{\"x\":-0.002501869,\"y\":316.593353,\"z\":-0.002507119},\"RuntimeCreated\":true},{\"ObjectNameId\":\"b59e8e83-88d6-4eb4-8727-54f269c83f19\",\"ItemId\":630,\"Position\":{\"x\":-1134.02222,\"y\":37.5682945,\"z\":1620.33984},\"Rotation\":{\"x\":296.94928,\"y\":350.6295,\"z\":188.504913},\"RuntimeCreated\":true},{\"ObjectNameId\":\"6bd14ead-427c-4e52-97b7-625a8637e6ce\",\"ItemId\":630,\"Position\":{\"x\":-1131.49365,\"y\":37.6312141,\"z\":1631.88477},\"Rotation\":{\"x\":356.0017,\"y\":90.33723,\"z\":106.429352},\"RuntimeCreated\":true},{\"ObjectNameId\":\"15ab3217-1a69-4c27-abdb-dbb029917975\",\"ItemId\":630,\"Position\":{\"x\":-937.0218,\"y\":251.1621,\"z\":-1001.10406},\"Rotation\":{\"x\":0.0109235169,\"y\":64.86957,\"z\":359.9903},\"RuntimeCreated\":true},{\"ObjectNameId\":\"8ded88b9-8e25-4a70-984e-7804169dddda\",\"ItemId\":630,\"Position\":{\"x\":-669.7877,\"y\":282.383881,\"z\":-607.0729},\"Rotation\":{\"x\":3.346655,\"y\":67.3271,\"z\":359.98526},\"RuntimeCreated\":true},{\"ObjectNameId\":\"ecfd83e2-ea80-4409-a4ba-f9fed1cea91f\",\"ItemId\":630,\"Position\":{\"x\":-1156.36292,\"y\":130.924942,\"z\":-160.76712},\"Rotation\":{\"x\":3.33191967,\"y\":148.9985,\"z\":358.885162},\"RuntimeCreated\":true},{\"ObjectNameId\":\"c463fe8d-7e7d-4b4a-a6eb-a46af60da08d\",\"ItemId\":630,\"Position\":{\"x\":-885.6828,\"y\":251.162643,\"z\":-935.2589},\"Rotation\":{\"x\":0.009954238,\"y\":202.842773,\"z\":-0.001035733},\"RuntimeCreated\":true},{\"ObjectNameId\":\"a91019ab-180e-45f5-a668-958a0978de3b\",\"ItemId\":630,\"Position\":{\"x\":-695.9854,\"y\":103.310638,\"z\":454.4602},\"Rotation\":{\"x\":357.0323,\"y\":137.308716,\"z\":357.295837},\"RuntimeCreated\":true},{\"ObjectNameId\":\"ffc1e409-983e-4eaf-8ef5-811d3b4b12ed\",\"ItemId\":630,\"Position\":{\"x\":-1115.63086,\"y\":37.22388,\"z\":1631.164},\"Rotation\":{\"x\":0.00350650586,\"y\":137.992249,\"z\":-0.00539712934},\"RuntimeCreated\":true},{\"ObjectNameId\":\"140b93e8-56ee-4c19-9aea-9dec07a44558\",\"ItemId\":630,\"Position\":{\"x\":-1136.89758,\"y\":14.6778612,\"z\":1770.81555},\"Rotation\":{\"x\":1.13804686,\"y\":303.876282,\"z\":2.62493038},\"RuntimeCreated\":true},{\"ObjectNameId\":\"a6f104e4-f672-4c47-b47e-73ec641a9b71\",\"ItemId\":630,\"Position\":{\"x\":-1126.12207,\"y\":21.87779,\"z\":1689.478},\"Rotation\":{\"x\":349.2805,\"y\":1.57580614,\"z\":107.677383},\"RuntimeCreated\":true},{\"ObjectNameId\":\"8c072553-3bf3-47a6-88db-e71761655cb2\",\"ItemId\":630,\"Position\":{\"x\":-1118.51172,\"y\":21.3988438,\"z\":1685.26587},\"Rotation\":{\"x\":64.51518,\"y\":187.8491,\"z\":190.342392},\"State\":1,\"RuntimeCreated\":true},{\"ObjectNameId\":\"fc479609-1cf3-4310-80d4-e5bd2ab4b21e\",\"ItemId\":630,\"Position\":{\"x\":-1630.74939,\"y\":14.9682341,\"z\":454.7134},\"Rotation\":{\"x\":305.244232,\"y\":214.840759,\"z\":249.139465},\"State\":1,\"RuntimeCreated\":true},{\"ObjectNameId\":\"40241c8e-02b9-4838-9f5c-cad7c5290be3\",\"ItemId\":630,\"Position\":{\"x\":-110.295212,\"y\":-0.315148771,\"z\":-1056.54187},\"Rotation\":{\"x\":3.34946752,\"y\":341.874847,\"z\":0.009484497},\"RuntimeCreated\":true},{\"ObjectNameId\":\"904b7603-8d79-4de4-b99b-df097671de7f\",\"ItemId\":626,\"Position\":{\"x\":-1615.95361,\"y\":16.924612,\"z\":443.601135},\"Rotation\":{\"x\":340.834656,\"y\":96.37912,\"z\":280.255981},\"State\":1,\"RuntimeCreated\":true},{\"ObjectNameId\":\"9a0f8e07-396c-4b41-9b16-dfe60f63af88\",\"ItemId\":626,\"State\":1,\"RuntimeCreated\":true},{\"ObjectNameId\":\"af05eecd-7809-4ea6-8154-e1ab5978f601\",\"ItemId\":626,\"State\":1,\"RuntimeCreated\":true},{\"ObjectNameId\":\"2b112b0f-1a88-4444-bb03-f0d0a3142eba\",\"ItemId\":626,\"State\":1,\"RuntimeCreated\":true},{\"ObjectNameId\":\"8d2a4550-3c31-42a6-9472-5151eb81b3a3\",\"ItemId\":626,\"State\":1,\"RuntimeCreated\":true},{\"ObjectNameId\":\"1d79127f-269c-4114-9f7d-7171e2c489dd\",\"ItemId\":626,\"State\":1,\"RuntimeCreated\":true},{\"ObjectNameId\":\"6f393cee-b912-4f37-a257-d7385b5b19d0\",\"ItemId\":626,\"Position\":{\"x\":-1615.5946,\"y\":17.10215,\"z\":447.509918},\"Rotation\":{\"x\":12.7898293,\"y\":340.319458,\"z\":267.126648},\"State\":1,\"RuntimeCreated\":true},{\"ObjectNameId\":\"79bbbe9b-8e0e-40f9-98a8-c3016e1d718b\",\"ItemId\":626,\"Position\":{\"x\":-1601.10669,\"y\":29.2149715,\"z\":444.19455},\"Rotation\":{\"x\":353.091644,\"y\":248.1099,\"z\":172.072342},\"State\":1,\"RuntimeCreated\":true},{\"ObjectNameId\":\"6978ac65-5032-44f7-a5cc-1d1bc61e4627\",\"ItemId\":626,\"Position\":{\"x\":-1601.019,\"y\":29.77886,\"z\":441.133881},\"Rotation\":{\"x\":291.821228,\"y\":90.58255,\"z\":7.67570353},\"State\":1,\"RuntimeCreated\":true},{\"ObjectNameId\":\"72f2e858-757f-482b-b3b4-e013bef79455\",\"ItemId\":630,\"State\":1,\"RuntimeCreated\":true},{\"ObjectNameId\":\"72031c19-76ce-4458-836c-edd1520d5d71\",\"ItemId\":630,\"State\":1,\"RuntimeCreated\":true},{\"ObjectNameId\":\"a16b65c1-3a94-49c9-954d-567608267034\",\"ItemId\":630,\"State\":1,\"RuntimeCreated\":true},{\"ObjectNameId\":\"3912afb4-d0cf-4da9-9843-93d8a9c584af\",\"ItemId\":630,\"State\":1,\"RuntimeCreated\":true},{\"ObjectNameId\":\"ad75300f-8a3e-4891-ad43-7ef73cdb5453\",\"ItemId\":630,\"State\":1,\"RuntimeCreated\":true},{\"ObjectNameId\":\"7cdb5ff0-7c1e-416f-9427-64959dd6dfa2\",\"ItemId\":630,\"State\":1,\"RuntimeCreated\":true},{\"ObjectNameId\":\"d89ca680-2768-4019-b8a4-ebe8cf7c101b\",\"ItemId\":630,\"State\":1,\"RuntimeCreated\":true},{\"ObjectNameId\":\"28c09d82-8ae5-4ac4-b3cb-03653cc553d7\",\"ItemId\":626,\"State\":1,\"RuntimeCreated\":true},{\"ObjectNameId\":\"34770764-9e87-45d2-903b-dd5590972c89\",\"ItemId\":630,\"State\":1,\"RuntimeCreated\":true},{\"ObjectNameId\":\"c7df1438-6bce-44d3-85eb-dc94b439e6bd\",\"ItemId\":626,\"State\":1,\"RuntimeCreated\":true},{\"ObjectNameId\":\"3fe0493d-48e9-406f-81d6-2e0a0cdc3362\",\"ItemId\":630,\"State\":1,\"RuntimeCreated\":true},{\"ObjectNameId\":\"e21935b1-785f-4c8e-b056-12a1b2ab41df\",\"ItemId\":630,\"State\":1,\"RuntimeCreated\":true},{\"ObjectNameId\":\"1166c7f9-f7b6-4ea7-aec6-d4227aee69c9\",\"ItemId\":630,\"Position\":{\"x\":-1483.886,\"y\":19.3925037,\"z\":424.1437},\"Rotation\":{\"x\":359.960541,\"y\":71.34522,\"z\":359.16156},\"State\":1,\"RuntimeCreated\":true},{\"ObjectNameId\":\"9362493e-8be7-40d3-a46a-6c01c9b3c8ee\",\"ItemId\":630,\"Position\":{\"x\":-1635.41382,\"y\":14.8879957,\"z\":462.419},\"Rotation\":{\"x\":-0.00397470174,\"y\":138.667465,\"z\":-0.005382307},\"State\":1,\"RuntimeCreated\":true},{\"ObjectNameId\":\"6525ecbf-5a11-4d39-82a8-ca545ad29ffe\",\"ItemId\":626,\"State\":1,\"RuntimeCreated\":true},{\"ObjectNameId\":\"1e256147-d99f-4798-91c9-e1257026aa32\",\"ItemId\":626,\"State\":1,\"RuntimeCreated\":true},{\"ObjectNameId\":\"e2a39dd0-01ed-40b5-98b5-7d0b9db41fe4\",\"ItemId\":626,\"Position\":{\"x\":-1605.07239,\"y\":16.8168716,\"z\":455.0395},\"Rotation\":{\"x\":353.8911,\"y\":121.168541,\"z\":180.731033},\"State\":1,\"RuntimeCreated\":true},{\"ObjectNameId\":\"d694eb66-3e75-49b4-bdf6-4c8ee92cd2b8\",\"ItemId\":630,\"Position\":{\"x\":-1632.37988,\"y\":14.9366264,\"z\":456.003021},\"Rotation\":{\"x\":60.4517021,\"y\":269.9576,\"z\":266.7659},\"RuntimeCreated\":true},{\"ObjectNameId\":\"6b90c65c-7eed-4b7b-ba31-7937072394b0\",\"ItemId\":630,\"State\":1,\"RuntimeCreated\":true},{\"ObjectNameId\":\"55bbec8f-9ed5-4a51-8e95-66ce67fe7ae6\",\"ItemId\":630,\"State\":1,\"RuntimeCreated\":true},{\"ObjectNameId\":\"137929ab-f39d-4840-8141-fafb1a82a38c\",\"ItemId\":630,\"State\":1,\"RuntimeCreated\":true},{\"ObjectNameId\":\"7c44b678-7fc2-4bea-83c0-4adc03e91aaa\",\"ItemId\":630,\"State\":1,\"RuntimeCreated\":true},{\"ObjectNameId\":\"6874528c-9390-497a-80b2-632890d2b821\",\"ItemId\":630,\"State\":1,\"RuntimeCreated\":true},{\"ObjectNameId\":\"32e378c1-7392-424f-ba29-78020e15a9a6\",\"ItemId\":630,\"State\":1,\"RuntimeCreated\":true},{\"ObjectNameId\":\"f4192da8-5efa-4905-9451-39892d15f2ba\",\"ItemId\":630,\"Position\":{\"x\":-1631.17834,\"y\":15.1756907,\"z\":445.7797},\"Rotation\":{\"x\":0.7318237,\"y\":57.0113945,\"z\":1.13271213},\"RuntimeCreated\":true},{\"ObjectNameId\":\"f1d04f7c-eeb9-464e-a937-ee252c85d9ba\",\"ItemId\":630,\"State\":1,\"RuntimeCreated\":true},{\"ObjectNameId\":\"ec5201f4-5d90-4436-81fe-cd9bf95a409b\",\"ItemId\":630,\"State\":1,\"RuntimeCreated\":true},{\"ObjectNameId\":\"4463660a-2ac8-4963-a177-7b56740082d3\",\"ItemId\":630,\"State\":1,\"RuntimeCreated\":true},{\"ObjectNameId\":\"566c1b93-f401-4a0f-8316-45bbda34ab64\",\"ItemId\":626,\"State\":1,\"RuntimeCreated\":true},{\"ObjectNameId\":\"e8e95d0f-6cbc-46e4-ba6a-d69e366e243e\",\"ItemId\":626,\"Position\":{\"x\":-1508.5929,\"y\":24.2206459,\"z\":403.546539},\"Rotation\":{\"x\":329.077,\"y\":247.867645,\"z\":171.9321},\"RuntimeCreated\":true},{\"ObjectNameId\":\"a0231b37-3e6a-4b62-bbf5-b536dc2a63bf\",\"ItemId\":630,\"State\":1,\"RuntimeCreated\":true},{\"ObjectNameId\":\"51ca379a-bb10-41ca-8488-b89854e9e5bb\",\"ItemId\":630,\"Position\":{\"x\":-1593.52039,\"y\":28.2657318,\"z\":432.039581},\"Rotation\":{\"x\":357.003326,\"y\":237.531281,\"z\":0.0800298154},\"State\":1,\"RuntimeCreated\":true},{\"ObjectNameId\":\"1d48d140-d9b8-4aa1-b93d-4d81b3833f10\",\"ItemId\":630,\"State\":1,\"RuntimeCreated\":true},{\"ObjectNameId\":\"ab408d5d-b34d-47ea-ad0c-ff2808d140ca\",\"ItemId\":630,\"State\":1,\"RuntimeCreated\":true},{\"ObjectNameId\":\"fba426b6-50ab-42b3-9c92-3b362b7edcb7\",\"ItemId\":630,\"State\":1,\"RuntimeCreated\":true},{\"ObjectNameId\":\"0716cbc5-09c8-4021-9828-085db355d51d\",\"ItemId\":630,\"Position\":{\"x\":-1587.5697,\"y\":28.0403728,\"z\":425.84906},\"Rotation\":{\"x\":359.128021,\"y\":341.078156,\"z\":357.459229},\"RuntimeCreated\":true}]}"}}