{"Version":"0.0.0","Data":{"ZipLineManager":"{\"Version\":\"0.0.0\",\"Ziplines\":[{\"_anchorAPosition\":{\"x\":-1253.61658,\"y\":147.518982,\"z\":-308.9098},\"_anchorBPosition\":{\"x\":-1239.496,\"y\":151.557129,\"z\":-314.37793},\"_canBeDismantled\":true},{\"_anchorAPosition\":{\"x\":-1248.01025,\"y\":149.116821,\"z\":-312.643646},\"_anchorBPosition\":{\"x\":-1243.77515,\"y\":148.911591,\"z\":-308.445526},\"_canBeDismantled\":true},{\"_anchorAPosition\":{\"x\":-1254.87756,\"y\":141.059677,\"z\":-248.83873},\"_anchorBPosition\":{\"x\":-1278.31445,\"y\":122.811363,\"z\":-148.431717},\"_canBeDismantled\":true},{\"_anchorAPosition\":{\"x\":-631.502136,\"y\":311.222321,\"z\":-600.14386},\"_anchorBPosition\":{\"x\":-668.863647,\"y\":288.428131,\"z\":-644.078064},\"_canBeDismantled\":true},{\"_anchorAPosition\":{\"x\":-1605.13354,\"y\":30.980278,\"z\":426.097656},\"_anchorBPosition\":{\"x\":-1625.54932,\"y\":20.0087757,\"z\":448.174561},\"_canBeDismantled\":true}]}"}}