{"Version":"0.0.0","Data":{"WorldItemManager":"{\"Version\":\"0.0.0\",\"WorldItemStates\":[{\"ObjectNameId\":\"World.GolfCart.01\",\"Position\":{\"x\":735.561462,\"y\":92.11,\"z\":1492.85645},\"Rotation\":{\"y\":59.3326035}},{\"ObjectNameId\":\"World.GolfCart.02\",\"Position\":{\"x\":1030.9928,\"y\":83.629,\"z\":1523.309},\"Rotation\":{\"y\":310.235138}},{\"ObjectNameId\":\"World.GolfCart.03\",\"Position\":{\"x\":1582.8606,\"y\":98.373,\"z\":1340.59045},\"Rotation\":{\"y\":146.876465}},{\"ObjectNameId\":\"World.GolfCart.04\",\"Position\":{\"x\":1014.11,\"y\":140.11,\"z\":1223.06},\"Rotation\":{\"y\":146.876465}},{\"ObjectNameId\":\"World.GolfCart.05\",\"Position\":{\"x\":1903.9,\"y\":15.253,\"z\":461.64},\"Rotation\":{\"y\":146.876465}},{\"ObjectNameId\":\"World.GolfCart.06\",\"Position\":{\"x\":1839.567,\"y\":15.09,\"z\":355.608978},\"Rotation\":{\"y\":97.15335}},{\"ObjectNameId\":\"World.GolfCart.07\",\"Position\":{\"x\":1691.495,\"y\":28.776,\"z\":1027.62219},\"Rotation\":{\"y\":97.15335}},{\"ObjectNameId\":\"World.GolfCart.08\",\"Position\":{\"x\":1828.626,\"y\":49.343,\"z\":-484.002},\"Rotation\":{\"y\":97.15335}},{\"ObjectNameId\":\"World.GolfCart.09\",\"Position\":{\"x\":1815.72327,\"y\":49.343,\"z\":-509.155945},\"Rotation\":{\"y\":304.951}},{\"ObjectNameId\":\"World.GolfCart.10\",\"Position\":{\"x\":-1134.227,\"y\":279.003,\"z\":-1106.351},\"Rotation\":{\"y\":16.8130627}},{\"ObjectNameId\":\"World.GolfCart.11\",\"Position\":{\"x\":-596.235657,\"y\":320.2943,\"z\":-565.011},\"Rotation\":{\"x\":13.8949537,\"y\":209.22702,\"z\":2.79591131},\"ItemStateData\":[{\"Power\":1000.0,\"StateDataTypeId\":1,\"Version\":\"0.0.0\"}]},{\"ObjectNameId\":\"World.GolfCart.12\",\"Position\":{\"x\":-891.3007,\"y\":251.091,\"z\":-918.248535},\"Rotation\":{\"y\":229.305862}},{\"ObjectNameId\":\"World.GolfCart.13\",\"Position\":{\"x\":1044.47864,\"y\":16.305,\"z\":1825.028},\"Rotation\":{\"x\":7.10553932}},{\"ObjectNameId\":\"World.HangGlider.01\",\"ItemId\":626,\"Position\":{\"x\":-504.4314,\"y\":322.9,\"z\":-307.391937},\"Rotation\":{\"x\":347.33783,\"y\":304.745667,\"z\":6.05460072}},{\"ObjectNameId\":\"World.HangGlider.02\",\"ItemId\":626,\"Position\":{\"x\":-129.59,\"y\":409.49,\"z\":-1028.08},\"Rotation\":{\"x\":345.409454,\"y\":329.2675,\"z\":0.93207866}},{\"ObjectNameId\":\"World.HangGlider.03\",\"ItemId\":626,\"Position\":{\"x\":366.28,\"y\":528.44,\"z\":-160.22},\"Rotation\":{\"x\":345.409454,\"y\":329.2675,\"z\":0.93207866}},{\"ObjectNameId\":\"World.HangGlider.04\",\"ItemId\":626,\"Position\":{\"x\":-1184.1,\"y\":221.516174,\"z\":-1728.82288},\"Rotation\":{\"x\":339.567169,\"y\":202.175552,\"z\":358.482422}},{\"ObjectNameId\":\"World.HangGlider.05\",\"ItemId\":626,\"Position\":{\"x\":733.1571,\"y\":369.35,\"z\":740.7741},\"Rotation\":{\"x\":346.592865,\"y\":55.28923,\"z\":3.63867712}},{\"ObjectNameId\":\"World.HangGlider.06\",\"ItemId\":626,\"Position\":{\"x\":1083.82,\"y\":276.317383,\"z\":-108.445892},\"Rotation\":{\"x\":344.984741,\"y\":55.88374,\"z\":1.21760261}},{\"ObjectNameId\":\"World.HangGlider.07\",\"ItemId\":626,\"Position\":{\"x\":797.909,\"y\":227.65,\"z\":974.662},\"Rotation\":{\"x\":344.984772,\"y\":85.53987,\"z\":1.21760166}},{\"ObjectNameId\":\"World.HangGlider.08\",\"ItemId\":626,\"Position\":{\"x\":-30.42196,\"y\":250.851,\"z\":665.780762},\"Rotation\":{\"x\":344.984772,\"y\":29.0722332,\"z\":1.2176019}},{\"ObjectNameId\":\"World.HangGlider.09\",\"ItemId\":626,\"Position\":{\"x\":1297.53906,\"y\":193.973,\"z\":-30.139},\"Rotation\":{\"x\":344.984741,\"y\":92.78199,\"z\":1.217601}},{\"ObjectNameId\":\"World.HangGlider.10\",\"ItemId\":626,\"Position\":{\"x\":789.7307,\"y\":400.973053,\"z\":273.9027},\"Rotation\":{\"x\":347.482727,\"y\":134.715927,\"z\":6.64512062}},{\"ObjectNameId\":\"World.HangGlider.11\",\"ItemId\":626,\"Position\":{\"x\":-1772.03,\"y\":83.56678,\"z\":1171.02441},\"Rotation\":{\"x\":347.06366,\"y\":258.640076,\"z\":4.550671}},{\"ObjectNameId\":\"World.HangGlider.12\",\"ItemId\":626,\"Position\":{\"x\":-1297.054,\"y\":79.975,\"z\":1740.63477},\"Rotation\":{\"x\":345.6263,\"y\":51.9747849,\"z\":2.88373137}},{\"ObjectNameId\":\"World.HangGlider.13\",\"ItemId\":626,\"Position\":{\"x\":-799.537,\"y\":189.46,\"z\":-281.768},\"Rotation\":{\"x\":345.6263,\"y\":325.6798,\"z\":2.883733}},{\"ObjectNameId\":\"World.HangGlider.14\",\"ItemId\":626,\"Position\":{\"x\":846.108,\"y\":208.549,\"z\":1105.33716},\"Rotation\":{\"x\":345.6263,\"y\":41.03186,\"z\":2.88373685}},{\"ObjectNameId\":\"World.KnightV.01\",\"ItemId\":630,\"Position\":{\"x\":-1271.26,\"y\":103.854,\"z\":-14.9114027},\"Rotation\":{\"z\":326.879028}},{\"ObjectNameId\":\"World.KnightV.02\",\"ItemId\":630,\"Position\":{\"x\":-1121.4198,\"y\":37.108,\"z\":1628.24243},\"Rotation\":{\"x\":352.2902,\"y\":49.62521,\"z\":311.589752},\"State\":1},{\"ObjectNameId\":\"World.KnightV.03\",\"ItemId\":630,\"Position\":{\"x\":-238.128,\"y\":97.089,\"z\":950.960266},\"Rotation\":{\"x\":356.628723,\"y\":69.52765,\"z\":37.52209}},{\"ObjectNameId\":\"World.KnightV.04\",\"ItemId\":630,\"Position\":{\"x\":-1031.791,\"y\":226.86,\"z\":-625.11},\"Rotation\":{\"x\":351.3573,\"y\":158.840546,\"z\":335.1593}},{\"ObjectNameId\":\"World.KnightV.05\",\"ItemId\":630,\"Position\":{\"x\":1285.29871,\"y\":228.157,\"z\":-725.347},\"Rotation\":{\"x\":354.536316,\"y\":258.733917,\"z\":33.54773}},{\"ObjectNameId\":\"World.KnightV.06\",\"ItemId\":630,\"Position\":{\"x\":1106.58667,\"y\":87.5037155,\"z\":1622.528},\"Rotation\":{\"x\":353.512939,\"y\":186.727982,\"z\":59.38967}},{\"ObjectNameId\":\"World.KnightV.07\",\"ItemId\":630,\"Position\":{\"x\":1454.986,\"y\":192.25,\"z\":-417.372},\"Rotation\":{\"x\":355.17334,\"y\":306.921173,\"z\":323.681152}},{\"ObjectNameId\":\"World.KnightV.08\",\"ItemId\":630,\"Position\":{\"x\":-1092.74023,\"y\":93.476,\"z\":1277.42529},\"Rotation\":{\"x\":353.6405,\"y\":269.1214,\"z\":53.79985}},{\"ObjectNameId\":\"World.KnightV.09\",\"ItemId\":630,\"Position\":{\"x\":-1177.635,\"y\":227.554,\"z\":-1697.917},\"Rotation\":{\"x\":0.430921555,\"y\":210.561981,\"z\":312.084717}},{\"ObjectNameId\":\"World.KnightV.10\",\"ItemId\":630,\"Position\":{\"x\":-973.578,\"y\":272.885,\"z\":-783.283},\"Rotation\":{\"x\":359.134064,\"y\":148.511169,\"z\":308.603241}},{\"ObjectNameId\":\"World.KnightV.11\",\"ItemId\":630,\"Position\":{\"x\":-734.531,\"y\":134.001541,\"z\":28.555},\"Rotation\":{\"x\":359.134064,\"y\":275.3971,\"z\":308.603241}},{\"ObjectNameId\":\"World.KnightV.12\",\"ItemId\":630,\"Position\":{\"x\":-973.578,\"y\":272.885,\"z\":-783.283},\"Rotation\":{\"x\":359.134064,\"y\":148.511169,\"z\":308.603241}},{\"ObjectNameId\":\"World.KnightV.13\",\"ItemId\":630,\"Position\":{\"x\":-1132.82556,\"y\":278.821,\"z\":-1086.89417},\"Rotation\":{\"x\":356.135834,\"y\":114.3761,\"z\":40.2333832}},{\"ObjectNameId\":\"5dd1b1e3-8c67-4d5f-ab02-9a77e2a37643\",\"ItemId\":630,\"Position\":{\"x\":-1131.17969,\"y\":37.5937767,\"z\":1631.17688},\"Rotation\":{\"x\":6.20151758,\"y\":189.745926,\"z\":355.636566},\"RuntimeCreated\":true},{\"ObjectNameId\":\"55e18708-604a-409e-a818-45cac98d8785\",\"ItemId\":630,\"Position\":{\"x\":1835.89148,\"y\":16.680336,\"z\":1486.62817},\"Rotation\":{\"x\":0.0021586942,\"y\":316.617737,\"z\":0.00251990068},\"RuntimeCreated\":true},{\"ObjectNameId\":\"b59e8e83-88d6-4eb4-8727-54f269c83f19\",\"ItemId\":630,\"Position\":{\"x\":-1134.02075,\"y\":37.567627,\"z\":1620.339},\"Rotation\":{\"x\":297.401123,\"y\":352.0588,\"z\":188.749222},\"RuntimeCreated\":true},{\"ObjectNameId\":\"6bd14ead-427c-4e52-97b7-625a8637e6ce\",\"ItemId\":630,\"Position\":{\"x\":-1131.47607,\"y\":37.6315575,\"z\":1631.87939},\"Rotation\":{\"x\":355.698761,\"y\":87.69915,\"z\":106.809265},\"RuntimeCreated\":true},{\"ObjectNameId\":\"f627d71d-7c24-4cca-9540-90c2d2836885\",\"ItemId\":630,\"Position\":{\"x\":-1115.98352,\"y\":37.22393,\"z\":1624.802},\"Rotation\":{\"x\":-0.00472927,\"y\":354.231384,\"z\":0.004809568},\"RuntimeCreated\":true},{\"ObjectNameId\":\"efb6a745-5b04-488e-bec6-b0adb1f3703d\",\"ItemId\":630,\"Position\":{\"x\":-1116.25293,\"y\":129.287766,\"z\":-169.091873},\"Rotation\":{\"x\":346.8938,\"y\":350.6631,\"z\":97.721405},\"RuntimeCreated\":true},{\"ObjectNameId\":\"15ab3217-1a69-4c27-abdb-dbb029917975\",\"ItemId\":630,\"Position\":{\"x\":-937.022156,\"y\":251.162384,\"z\":-1001.10419},\"Rotation\":{\"x\":-0.00252816384,\"y\":64.86844,\"z\":0.005520228},\"RuntimeCreated\":true},{\"ObjectNameId\":\"8ded88b9-8e25-4a70-984e-7804169dddda\",\"ItemId\":630,\"Position\":{\"x\":-669.209656,\"y\":282.9682,\"z\":-607.2431},\"Rotation\":{\"x\":0.0006006382,\"y\":60.5719223,\"z\":-0.00157695811},\"RuntimeCreated\":true},{\"ObjectNameId\":\"198e1b4a-aa3f-4292-8970-154968e2ead5\",\"ItemId\":630,\"Position\":{\"x\":-606.569153,\"y\":320.637543,\"z\":-562.464966},\"Rotation\":{\"x\":55.39989,\"y\":118.696793,\"z\":252.6532},\"State\":1,\"RuntimeCreated\":true},{\"ObjectNameId\":\"9e59e2fd-3812-4485-9de0-0fb9e9cbc7ec\",\"ItemId\":630,\"State\":1,\"RuntimeCreated\":true},{\"ObjectNameId\":\"eddadde5-cfcc-40be-bc31-606f391d13d7\",\"ItemId\":630,\"State\":1,\"RuntimeCreated\":true},{\"ObjectNameId\":\"ecea3e92-ce25-4cc3-955f-a019f84f3f12\",\"ItemId\":630,\"State\":1,\"RuntimeCreated\":true},{\"ObjectNameId\":\"5dc840d1-6dcc-4278-b3d7-99351bb5e9f7\",\"ItemId\":630,\"Position\":{\"x\":-1613.05066,\"y\":16.7262058,\"z\":443.5217},\"Rotation\":{\"x\":5.179458,\"y\":228.256714,\"z\":222.156326},\"RuntimeCreated\":true}]}"}}