{"Version":"0.0.0","Data":{"FreeFormStructureLinkerManager":"{\"_nodeLinkersData\":[{\"_typeId\":4,\"_instanceId\":1}],\"_builtLinkersData\":[null,null,null,null,{\"_typeId\":9,\"_instanceId\":1},null,null,null,null,null,null,null,null,null,null,null,null,null,null,null,null,null,null,null,null,null,{\"_typeId\":4,\"_instanceId\":5},{\"_typeId\":4,\"_instanceId\":3},{\"_typeId\":8,\"_instanceId\":7},{\"_typeId\":4,\"_instanceId\":1},null,{\"_typeId\":9,\"_instanceId\":9},null,{\"_typeId\":9,\"_instanceId\":6},null,{\"_typeId\":9,\"_instanceId\":11},null,null,null,null,null,null,{\"_typeId\":4,\"_instanceId\":14},{\"_typeId\":3,\"_instanceId\":12},{\"_typeId\":2,\"_instanceId\":56},{\"_typeId\":3,\"_instanceId\":83},null,null,null,null,{\"_typeId\":2,\"_instanceId\":17},{\"_typeId\":3,\"_instanceId\":86},null,{\"_typeId\":4,\"_instanceId\":17},{\"_typeId\":4,\"_instanceId\":17},{\"_typeId\":4,\"_instanceId\":17},{\"_typeId\":4,\"_instanceId\":14},{\"_typeId\":4,\"_instanceId\":17},{\"_typeId\":3,\"_instanceId\":67},null,null]}"}}