{"Version":"0.0.0","Data":{"GameState":"{\"Version\":\"0.0.0\",\"SaveTime\":\"2023-07-29T06:25:07.1378495+02:00\",\"GameType\":\"Normal\",\"GameId\":\"c4ba6cd7-b94e-4d4b-96ac-7cb7ab97f44b\",\"GameDays\":25,\"GameHours\":17,\"GameMinutes\":50,\"GameSeconds\":2,\"GameMilliseconds\":572,\"CrashSite\":\"ocean\",\"NamedIntDatas\":[{\"SaveObjectNameId\":\"None\"},{\"SaveObjectNameId\":\"LuxuryBunker.EntranceDoor\"},{\"SaveObjectNameId\":\"LuxuryBunker.HellDoorCaveEntrance\"},{\"SaveObjectNameId\":\"HangingTacticalGpsPickedUp\"},{\"SaveObjectNameId\":\"BuriedTacticalGpsPickedUp\"},{\"SaveObjectNameId\":\"RaftTacticalGpsPickeUp\"},{\"SaveObjectNameId\":\"BunkerFoodAndDining.PufftonBossSpawn\"},{\"SaveObjectNameId\":\"BunkerA.EntranceHatch\"},{\"SaveObjectNameId\":\"BunkerB.EntranceHatch\"},{\"SaveObjectNameId\":\"BunkerC.EntranceHatch\"},{\"SaveObjectNameId\":\"EntertainmentBunker.ExitDoor\"},{\"SaveObjectNameId\":\"EntertainmentBunker.EntranceDoor\"},{\"SaveObjectNameId\":\"EntertainmentBunker.ComputerRoomDoor\"},{\"SaveObjectNameId\":\"CaveB.Sluggy\",\"SaveValue\":1},{\"SaveObjectNameId\":\"HangingTactical\",\"SaveValue\":1},{\"SaveObjectNameId\":\"HangingTacticalCutDown\",\"SaveValue\":1}]}"}}