{"Version":"0.0.0","Data":{"PlayerState":"{\"_entries\":[{\"Name\":\"Strength\",\"SettingType\":2},{\"Name\":\"StrengthLevel\",\"SettingType\":1,\"IntValue\":1},{\"Name\":\"CurrentStrength\",\"SettingType\":2},{\"Name\":\"RequiredCurrentStrengthPerLevel\",\"SettingType\":2},{\"Name\":\"MaxHealth\",\"SettingType\":2,\"FloatValue\":100.0},{\"Name\":\"CurrentHealth\",\"SettingType\":2,\"FloatValue\":100.0},{\"Name\":\"TargetHealth\",\"SettingType\":2,\"FloatValue\":28.0},{\"Name\":\"Hydration\",\"SettingType\":2},{\"Name\":\"Fullness\",\"SettingType\":2},{\"Name\":\"Rest\",\"SettingType\":2,\"FloatValue\":27.54221},{\"Name\":\"Stamina\",\"SettingType\":2,\"FloatValue\":100.0},{\"Name\":\"HydrationBuff\",\"SettingType\":2,\"FloatValue\":-1.00004649},{\"Name\":\"FullnessBuff\",\"SettingType\":2,\"FloatValue\":-1.00004649},{\"Name\":\"RestBuff\",\"SettingType\":2},{\"Name\":\"CookingBuffTimeRemaining\",\"SettingType\":2},{\"Name\":\"CookingBuffRecipe\",\"SettingType\":1,\"IntValue\":-1},{\"Name\":\"player.position\",\"SettingType\":4,\"FloatArrayValue\":[-1618.169,17.6106911,436.18277]},{\"Name\":\"player.rotation\",\"SettingType\":4,\"FloatArrayValue\":[0.0,0.813178062,0.0,0.582015038]},{\"Name\":\"player.areaMask\",\"SettingType\":1},{\"Name\":\"InventoryLightsActive\"},{\"Name\":\"HasBeenTiredBefore\",\"BoolValue\":true},{\"Name\":\"crafted.00000618\",\"SettingType\":1,\"IntValue\":5},{\"Name\":\"crafted.00000426\",\"SettingType\":1,\"IntValue\":4},{\"Name\":\"crafted.00000391\",\"SettingType\":1,\"IntValue\":3},{\"Name\":\"crafted.00000560\",\"SettingType\":1,\"IntValue\":6},{\"Name\":\"crafted.00000553\",\"SettingType\":1,\"IntValue\":4},{\"Name\":\"DoneBuildFireTutorial\",\"BoolValue\":true},{\"Name\":\"crafted.00000428\",\"SettingType\":1,\"IntValue\":1}],\"NamedInts\":[{\"SaveObjectNameId\":\"BunkerLuxury.Cutscene.MutantBossIntro\"}]}"}}